13:59:02.217 [main]INFO  stepDefinition.OpenLogInPageStepDef - User trying to  navigate to application
13:59:12.538 [main]INFO  automationUtilities.BaseSteps - Navigated to application
13:59:12.539 [main]INFO  stepDefinition.OpenLogInPageStepDef - User navigated to application
13:59:12.631 [main]INFO  stepDefinition.OpenLogInPageStepDef - User  trying to click on log in link
13:59:14.253 [main]INFO  pageObjectClasses.HomePage - Clicked on SignUp Or Login Link
13:59:14.257 [main]INFO  stepDefinition.OpenLogInPageStepDef - Verifying SignUp/Login Page is displayed
13:59:14.277 [main]INFO  pageObjectClasses.SignUpLoginPage - SignUp Or Login page is displayed
13:59:14.284 [main]INFO  stepDefinition.OpenLogInPageStepDef - User is entering user Name and password
13:59:14.662 [main]INFO  pageObjectClasses.SignUpLoginPage - Entered User name as :QAAutomationClasses@gmail.com 
13:59:14.908 [main]INFO  pageObjectClasses.SignUpLoginPage - Entered password is  :QAAutomationClasses
13:59:14.910 [main]INFO  stepDefinition.OpenLogInPageStepDef - user is clicking on Login button
13:59:18.350 [main]INFO  pageObjectClasses.SignUpLoginPage - Clicked on login button
13:59:18.352 [main]INFO  stepDefinition.OpenLogInPageStepDef - User is verifying application is navigated to user Home Page
13:59:18.371 [main]INFO  pageObjectClasses.UserHomePage - User Home page is displayed
13:59:18.381 [main]INFO  stepDefinition.OpenLogInPageStepDef - User is trying to click on logout link
13:59:20.546 [main]INFO  pageObjectClasses.UserHomePage - Clicked on logout link
13:59:20.547 [main]INFO  stepDefinition.OpenLogInPageStepDef - Trying to quit  browser
13:59:20.892 [main]INFO  automationUtilities.BaseSteps - driver is closed
14:03:45.659 [main]INFO  stepDefinition.OpenLogInPageStepDef - User trying to  navigate to application
14:03:53.768 [main]INFO  automationUtilities.BaseSteps - Navigated to application
14:03:53.840 [main]INFO  stepDefinition.OpenLogInPageStepDef - User  trying to click on log in link
14:03:56.020 [main]INFO  pageObjectClasses.HomePage - Clicked on SignUp Or Login Link
14:03:56.021 [main]INFO  stepDefinition.OpenLogInPageStepDef - Verifying SignUp/Login Page is displayed
14:03:56.035 [main]INFO  pageObjectClasses.SignUpLoginPage - SignUp Or Login page is displayed
14:03:56.037 [main]INFO  stepDefinition.OpenLogInPageStepDef - User is entering user Name and password
14:03:56.263 [main]INFO  pageObjectClasses.SignUpLoginPage - Entered User name as :QAAutomationClasses@gmail.com 
14:03:56.421 [main]INFO  pageObjectClasses.SignUpLoginPage - Entered password is  :QAAutomationClasses
14:03:56.422 [main]INFO  stepDefinition.OpenLogInPageStepDef - user is clicking on Login button
14:03:59.956 [main]INFO  pageObjectClasses.SignUpLoginPage - Clicked on login button
14:03:59.959 [main]INFO  stepDefinition.OpenLogInPageStepDef - User is verifying application is navigated to user Home Page
14:03:59.985 [main]INFO  pageObjectClasses.UserHomePage - User Home page is displayed
14:03:59.992 [main]INFO  stepDefinition.OpenLogInPageStepDef - User is trying to click on logout link
14:04:02.497 [main]INFO  pageObjectClasses.UserHomePage - Clicked on logout link
14:04:02.499 [main]INFO  stepDefinition.OpenLogInPageStepDef - Trying to quit  browser
14:04:02.865 [main]INFO  automationUtilities.BaseSteps - driver is closed
12:03:19.989 [main]INFO  stepDefinition.OpenLogInPageStepDef - User trying to  navigate to application
12:08:15.798 [main]INFO  stepDefinition.OpenLogInPageStepDef - User trying to  navigate to application
12:18:02.335 [main]INFO  stepDefinition.OpenLogInPageStepDef - User trying to  navigate to application
12:19:28.548 [main]INFO  automationUtilities.BrowserFactory - Browser isnull
12:19:28.568 [main]INFO  stepDefinition.OpenLogInPageStepDef - User trying to  navigate to application
12:22:37.391 [main]INFO  automationUtilities.BrowserFactory - Browser ischrome
12:22:43.378 [main]INFO  stepDefinition.OpenLogInPageStepDef - User trying to  navigate to application
12:32:54.084 [main]INFO  automationUtilities.BrowserFactory - Browser ischrome
12:32:56.584 [main]INFO  stepDefinition.OpenLogInPageStepDef - User trying to  navigate to application
12:33:02.558 [main]INFO  automationUtilities.BaseSteps - Navigated to application
12:33:02.600 [main]INFO  stepDefinition.OpenLogInPageStepDef - User  trying to click on log in link
12:33:04.550 [main]INFO  pageObjectClasses.HomePage - Clicked on SignUp Or Login Link
12:33:04.551 [main]INFO  stepDefinition.OpenLogInPageStepDef - Verifying SignUp/Login Page is displayed
12:33:04.563 [main]INFO  pageObjectClasses.SignUpLoginPage - SignUp Or Login page is displayed
12:35:32.749 [main]INFO  automationUtilities.BrowserFactory - Browser ischrome
12:35:35.720 [main]INFO  stepDefinition.OpenLogInPageStepDef - User trying to  navigate to application
12:35:40.124 [main]INFO  automationUtilities.BaseSteps - Navigated to application
12:35:40.185 [main]INFO  stepDefinition.OpenLogInPageStepDef - User  trying to click on log in link
12:35:41.647 [main]INFO  pageObjectClasses.HomePage - Clicked on SignUp Or Login Link
12:35:41.648 [main]INFO  stepDefinition.OpenLogInPageStepDef - Verifying SignUp/Login Page is displayed
12:35:41.666 [main]INFO  pageObjectClasses.SignUpLoginPage - SignUp Or Login page is displayed
12:38:02.551 [main]INFO  automationUtilities.BrowserFactory - Browser is chrome
12:38:05.621 [main]INFO  stepDefinition.OpenLogInPageStepDef - User trying to  navigate to application
12:38:08.899 [main]INFO  automationUtilities.BaseSteps - Navigated to application
12:38:08.939 [main]INFO  stepDefinition.OpenLogInPageStepDef - User  trying to click on log in link
12:38:10.181 [main]INFO  pageObjectClasses.HomePage - Clicked on SignUp Or Login Link
12:38:10.183 [main]INFO  stepDefinition.OpenLogInPageStepDef - Verifying SignUp/Login Page is displayed
12:38:10.232 [main]INFO  pageObjectClasses.SignUpLoginPage - SignUp Or Login page is displayed
13:14:26.116 [main]INFO  automationUtilities.BrowserFactory - Browser is chrome
13:14:30.611 [main]INFO  stepDefinition.OpenLogInPageStepDef - User trying to  navigate to application
13:14:34.933 [main]INFO  automationUtilities.BaseSteps - Navigated to application
13:14:35.019 [main]INFO  stepDefinition.OpenLogInPageStepDef - User  trying to click on log in link
13:14:37.129 [main]INFO  pageObjectClasses.HomePage - Clicked on SignUp Or Login Link
13:14:37.131 [main]INFO  stepDefinition.OpenLogInPageStepDef - Verifying SignUp/Login Page is displayed
13:14:37.158 [main]INFO  pageObjectClasses.SignUpLoginPage - SignUp Or Login page is not displayed
13:17:06.336 [main]INFO  automationUtilities.BrowserFactory - Browser is chrome
13:17:09.957 [main]INFO  stepDefinition.OpenLogInPageStepDef - User trying to  navigate to application
13:17:13.754 [main]INFO  automationUtilities.BaseSteps - Navigated to application
13:17:13.836 [main]INFO  stepDefinition.OpenLogInPageStepDef - User  trying to click on log in link
13:17:16.211 [main]INFO  pageObjectClasses.HomePage - Clicked on SignUp Or Login Link
13:17:16.213 [main]INFO  stepDefinition.OpenLogInPageStepDef - Verifying SignUp/Login Page is displayed
13:17:16.236 [main]INFO  pageObjectClasses.SignUpLoginPage - SignUp Or Login page is not displayed
13:19:17.281 [main]INFO  automationUtilities.BrowserFactory - Browser is chrome
13:19:22.650 [main]INFO  stepDefinition.OpenLogInPageStepDef - User trying to  navigate to application
13:19:27.955 [main]INFO  automationUtilities.BaseSteps - Navigated to application
13:19:28.077 [main]INFO  stepDefinition.OpenLogInPageStepDef - User  trying to click on log in link
13:19:29.717 [main]INFO  pageObjectClasses.HomePage - Clicked on SignUp Or Login Link
13:19:29.719 [main]INFO  stepDefinition.OpenLogInPageStepDef - Verifying SignUp/Login Page is displayed
13:19:29.735 [main]INFO  pageObjectClasses.SignUpLoginPage - SignUp Or Login page is displayed
18:23:17.051 [main]INFO  automationUtilities.BrowserFactory - Browser is chrome
18:23:22.330 [main]INFO  stepDefinition.OpenLogInPageStepDef - User trying to  navigate to application
18:23:26.089 [main]INFO  automationUtilities.BaseSteps - Navigated to application
18:23:26.149 [main]INFO  stepDefinition.OpenLogInPageStepDef - User  trying to click on log in link
18:23:28.047 [main]INFO  pageObjectClasses.HomePage - Clicked on SignUp Or Login Link
18:25:13.655 [main]INFO  automationUtilities.BrowserFactory - Browser is chrome
18:25:16.846 [main]INFO  stepDefinition.OpenLogInPageStepDef - User trying to  navigate to application
18:25:20.476 [main]INFO  automationUtilities.BaseSteps - Navigated to application
18:25:20.537 [main]INFO  stepDefinition.OpenLogInPageStepDef - User  trying to click on log in link
18:25:21.443 [main]INFO  pageObjectClasses.HomePage - Clicked on SignUp Or Login Link
18:25:21.448 [main]INFO  stepDefinition.SignUpLogInPageStepDef - Verifying SignUp/Login Page is displayed
18:25:21.505 [main]INFO  pageObjectClasses.SignUpLoginPage - SignUp Or Login page is displayed
18:38:11.519 [main]INFO  automationUtilities.BrowserFactory - Browser is chrome
18:38:24.912 [main]INFO  stepDefinition.OpenLogInPageStepDef - User trying to  navigate to application
18:38:31.390 [main]INFO  automationUtilities.BaseSteps - Navigated to application
18:38:31.509 [main]INFO  stepDefinition.OpenLogInPageStepDef - User  trying to click on log in link
18:38:35.597 [main]INFO  pageObjectClasses.HomePage - Clicked on SignUp Or Login Link
18:38:35.609 [main]INFO  stepDefinition.SignUpLogInPageStepDef - Verifying SignUp/Login Page is displayed
18:38:36.463 [main]INFO  pageObjectClasses.SignUpLoginPage - SignUp Or Login page is displayed
18:43:40.812 [main]INFO  automationUtilities.BrowserFactory - Browser is chrome
18:43:54.715 [main]INFO  stepDefinition.OpenLogInPageStepDef - User trying to  navigate to application
18:43:59.301 [main]INFO  automationUtilities.BaseSteps - Navigated to application
18:43:59.423 [main]INFO  stepDefinition.OpenLogInPageStepDef - User  trying to click on log in link
18:44:01.836 [main]INFO  pageObjectClasses.HomePage - Clicked on SignUp Or Login Link
18:44:01.842 [main]INFO  stepDefinition.SignUpLogInPageStepDef - Verifying SignUp/Login Page is displayed
18:44:01.999 [main]INFO  pageObjectClasses.SignUpLoginPage - SignUp Or Login page is displayed
18:46:23.538 [main]INFO  automationUtilities.BrowserFactory - Browser is chrome
18:46:31.673 [main]INFO  stepDefinition.OpenLogInPageStepDef - User trying to  navigate to application
18:46:36.499 [main]INFO  automationUtilities.BaseSteps - Navigated to application
18:46:36.654 [main]INFO  stepDefinition.OpenLogInPageStepDef - User  trying to click on log in link
18:46:39.458 [main]INFO  pageObjectClasses.HomePage - Clicked on SignUp Or Login Link
18:46:39.467 [main]INFO  stepDefinition.SignUpLogInPageStepDef - Verifying SignUp/Login Page is displayed
18:46:40.031 [main]INFO  pageObjectClasses.SignUpLoginPage - SignUp Or Login page is displayed
18:48:09.784 [main]INFO  automationUtilities.BrowserFactory - Browser is chrome
18:48:16.635 [main]INFO  stepDefinition.OpenLogInPageStepDef - User trying to  navigate to application
18:48:22.576 [main]INFO  automationUtilities.BaseSteps - Navigated to application
18:48:22.730 [main]INFO  stepDefinition.OpenLogInPageStepDef - User  trying to click on log in link
18:48:25.024 [main]INFO  pageObjectClasses.HomePage - Clicked on SignUp Or Login Link
18:48:25.036 [main]INFO  stepDefinition.SignUpLogInPageStepDef - Verifying SignUp/Login Page is displayed
18:48:26.014 [main]INFO  pageObjectClasses.SignUpLoginPage - SignUp Or Login page is not displayed
18:50:33.346 [main]INFO  automationUtilities.BrowserFactory - Browser is chrome
18:50:41.168 [main]INFO  stepDefinition.OpenLogInPageStepDef - User trying to  navigate to application
18:50:46.506 [main]INFO  automationUtilities.BaseSteps - Navigated to application
18:50:46.773 [main]INFO  stepDefinition.OpenLogInPageStepDef - User  trying to click on log in link
18:50:49.809 [main]INFO  pageObjectClasses.HomePage - Clicked on SignUp Or Login Link
18:50:49.819 [main]INFO  stepDefinition.SignUpLogInPageStepDef - Verifying SignUp/Login Page is displayed
18:50:49.872 [main]INFO  pageObjectClasses.SignUpLoginPage - SignUp Or Login page is not displayed
18:50:51.855 [main]INFO  automationUtilities.BrowserFactory - Browser is chrome
18:50:56.311 [main]INFO  stepDefinition.OpenLogInPageStepDef - User trying to  navigate to application
18:51:00.102 [main]INFO  automationUtilities.BaseSteps - Navigated to application
18:51:00.112 [main]INFO  stepDefinition.OpenLogInPageStepDef - User  trying to click on log in link
18:51:03.751 [main]INFO  pageObjectClasses.HomePage - Clicked on SignUp Or Login Link
18:51:03.763 [main]INFO  stepDefinition.SignUpLogInPageStepDef - Verifying SignUp/Login Page is displayed
18:51:04.004 [main]INFO  pageObjectClasses.SignUpLoginPage - SignUp Or Login page is not displayed
18:51:53.288 [main]INFO  automationUtilities.BrowserFactory - Browser is chrome
18:51:58.231 [main]INFO  stepDefinition.OpenLogInPageStepDef - User trying to  navigate to application
18:52:03.412 [main]INFO  automationUtilities.BaseSteps - Navigated to application
18:52:03.643 [main]INFO  stepDefinition.OpenLogInPageStepDef - User  trying to click on log in link
18:52:06.240 [main]INFO  pageObjectClasses.HomePage - Clicked on SignUp Or Login Link
18:52:06.253 [main]INFO  stepDefinition.SignUpLogInPageStepDef - Verifying SignUp/Login Page is displayed
18:52:06.299 [main]INFO  pageObjectClasses.SignUpLoginPage - SignUp Or Login page is displayed
18:52:07.847 [main]INFO  automationUtilities.BrowserFactory - Browser is chrome
18:52:13.308 [main]INFO  stepDefinition.OpenLogInPageStepDef - User trying to  navigate to application
18:52:18.069 [main]INFO  automationUtilities.BaseSteps - Navigated to application
18:52:18.072 [main]INFO  stepDefinition.OpenLogInPageStepDef - User  trying to click on log in link
18:52:20.554 [main]INFO  pageObjectClasses.HomePage - Clicked on SignUp Or Login Link
18:52:20.556 [main]INFO  stepDefinition.SignUpLogInPageStepDef - Verifying SignUp/Login Page is displayed
18:52:20.640 [main]INFO  pageObjectClasses.SignUpLoginPage - SignUp Or Login page is displayed
18:52:20.654 [main]INFO  stepDefinition.SignUpLogInPageStepDef - User is entering user Name and password
18:52:21.861 [main]INFO  pageObjectClasses.SignUpLoginPage - Entered User name as :QAAutomationClasses@gmail.com 
18:52:22.386 [main]INFO  pageObjectClasses.SignUpLoginPage - Entered password is  :QAAutomationClasses
18:52:22.388 [main]INFO  stepDefinition.SignUpLogInPageStepDef - user is clicking on Login button
18:52:25.804 [main]INFO  pageObjectClasses.SignUpLoginPage - Clicked on login button
18:52:25.807 [main]INFO  stepDefinition.UserHomePageStepDef - User is verifying application is navigated to user Home Page
18:52:25.968 [main]INFO  pageObjectClasses.UserHomePage - User Home page is displayed
18:52:25.980 [main]INFO  stepDefinition.UserHomePageStepDef - User is trying to click on logout link
18:52:28.380 [main]INFO  pageObjectClasses.UserHomePage - Clicked on logout link
18:54:37.842 [main]INFO  automationUtilities.BrowserFactory - Browser is chrome
18:54:42.361 [main]INFO  stepDefinition.OpenLogInPageStepDef - User trying to  navigate to application
18:54:46.357 [main]INFO  automationUtilities.BaseSteps - Navigated to application
18:54:46.425 [main]INFO  stepDefinition.OpenLogInPageStepDef - User  trying to click on log in link
18:54:48.239 [main]INFO  pageObjectClasses.HomePage - Clicked on SignUp Or Login Link
18:54:48.243 [main]INFO  stepDefinition.SignUpLogInPageStepDef - Verifying SignUp/Login Page is displayed
18:54:48.267 [main]INFO  pageObjectClasses.SignUpLoginPage - SignUp Or Login page is displayed
18:54:49.111 [main]INFO  automationUtilities.BrowserFactory - Browser is chrome
18:54:51.408 [main]INFO  stepDefinition.OpenLogInPageStepDef - User trying to  navigate to application
18:54:56.349 [main]INFO  automationUtilities.BaseSteps - Navigated to application
18:54:56.351 [main]INFO  stepDefinition.OpenLogInPageStepDef - User  trying to click on log in link
18:54:57.857 [main]INFO  pageObjectClasses.HomePage - Clicked on SignUp Or Login Link
18:54:57.859 [main]INFO  stepDefinition.SignUpLogInPageStepDef - Verifying SignUp/Login Page is displayed
18:54:57.881 [main]INFO  pageObjectClasses.SignUpLoginPage - SignUp Or Login page is displayed
18:54:57.888 [main]INFO  stepDefinition.SignUpLogInPageStepDef - User is entering user Name and password
18:54:58.231 [main]INFO  pageObjectClasses.SignUpLoginPage - Entered User name as :QAAutomationClasses@gmail.com 
18:54:58.443 [main]INFO  pageObjectClasses.SignUpLoginPage - Entered password is  :QAAutomationClasses
18:54:58.445 [main]INFO  stepDefinition.SignUpLogInPageStepDef - user is clicking on Login button
18:55:01.246 [main]INFO  pageObjectClasses.SignUpLoginPage - Clicked on login button
18:55:01.248 [main]INFO  stepDefinition.UserHomePageStepDef - User is verifying application is navigated to user Home Page
18:55:01.277 [main]INFO  pageObjectClasses.UserHomePage - User Home page is displayed
18:55:01.280 [main]INFO  stepDefinition.UserHomePageStepDef - User is trying to click on logout link
18:55:02.790 [main]INFO  pageObjectClasses.UserHomePage - Clicked on logout link
18:55:03.401 [main]INFO  automationUtilities.BrowserFactory - Browser is chrome
18:55:05.083 [main]INFO  stepDefinition.OpenLogInPageStepDef - User trying to  navigate to application
18:55:10.069 [main]INFO  automationUtilities.BaseSteps - Navigated to application
18:55:10.070 [main]INFO  stepDefinition.OpenLogInPageStepDef - User  trying to click on log in link
18:55:11.641 [main]INFO  pageObjectClasses.HomePage - Clicked on SignUp Or Login Link
18:55:11.643 [main]INFO  stepDefinition.SignUpLogInPageStepDef - Verifying SignUp/Login Page is displayed
18:55:11.660 [main]INFO  pageObjectClasses.SignUpLoginPage - SignUp Or Login page is displayed
18:55:11.662 [main]INFO  stepDefinition.SignUpLogInPageStepDef - User is entering user Name and password
18:55:12.021 [main]INFO  pageObjectClasses.SignUpLoginPage - Entered User name as :QAAutomationClasses@gmail.com
18:55:12.196 [main]INFO  pageObjectClasses.SignUpLoginPage - Entered password is  :QAAutomationClasses
18:55:12.197 [main]INFO  stepDefinition.SignUpLogInPageStepDef - user is clicking on Login button
18:55:15.134 [main]INFO  pageObjectClasses.SignUpLoginPage - Clicked on login button
18:55:15.135 [main]INFO  stepDefinition.UserHomePageStepDef - User is verifying application is navigated to user Home Page
18:55:15.156 [main]INFO  pageObjectClasses.UserHomePage - User Home page is displayed
18:55:15.158 [main]INFO  stepDefinition.UserHomePageStepDef - User is trying to click on logout link
18:55:17.188 [main]INFO  pageObjectClasses.UserHomePage - Clicked on logout link
18:55:17.761 [main]INFO  automationUtilities.BrowserFactory - Browser is chrome
18:55:19.396 [main]INFO  stepDefinition.OpenLogInPageStepDef - User trying to  navigate to application
18:55:24.518 [main]INFO  automationUtilities.BaseSteps - Navigated to application
18:55:24.521 [main]INFO  stepDefinition.OpenLogInPageStepDef - User  trying to click on log in link
18:55:26.227 [main]INFO  pageObjectClasses.HomePage - Clicked on SignUp Or Login Link
18:55:26.230 [main]INFO  stepDefinition.SignUpLogInPageStepDef - Verifying SignUp/Login Page is displayed
18:55:26.254 [main]INFO  pageObjectClasses.SignUpLoginPage - SignUp Or Login page is displayed
18:55:26.256 [main]INFO  stepDefinition.SignUpLogInPageStepDef - User is entering user Name and password
18:55:26.637 [main]INFO  pageObjectClasses.SignUpLoginPage - Entered User name as :QAAutomationClasses1@gmail.com
18:55:26.813 [main]INFO  pageObjectClasses.SignUpLoginPage - Entered password is  :QAAutomationClasses1
18:55:26.814 [main]INFO  stepDefinition.SignUpLogInPageStepDef - user is clicking on Login button
18:55:28.060 [main]INFO  pageObjectClasses.SignUpLoginPage - Clicked on login button
18:55:28.061 [main]INFO  stepDefinition.UserHomePageStepDef - User is verifying application is navigated to user Home Page
20:51:47.577 [main]INFO  automationUtilities.BrowserFactory - Browser is chrome
20:51:51.649 [main]INFO  stepDefinition.OpenLogInPageStepDef - User trying to  navigate to application
20:51:54.986 [main]INFO  automationUtilities.BaseSteps - Navigated to application
20:51:55.043 [main]INFO  stepDefinition.OpenLogInPageStepDef - User  trying to click on log in link
20:51:56.521 [main]INFO  pageObjectClasses.HomePage - Clicked on SignUp Or Login Link
20:51:56.534 [main]INFO  stepDefinition.SignUpLogInPageStepDef - Verifying SignUp/Login Page is displayed
20:51:56.565 [main]INFO  pageObjectClasses.SignUpLoginPage - SignUp Or Login page is displayed
20:51:57.270 [main]INFO  automationUtilities.BrowserFactory - Browser is chrome
20:51:58.965 [main]INFO  stepDefinition.OpenLogInPageStepDef - User trying to  navigate to application
20:52:03.278 [main]INFO  automationUtilities.BaseSteps - Navigated to application
20:52:03.282 [main]INFO  stepDefinition.OpenLogInPageStepDef - User  trying to click on log in link
20:52:05.484 [main]INFO  pageObjectClasses.HomePage - Clicked on SignUp Or Login Link
20:52:05.486 [main]INFO  stepDefinition.SignUpLogInPageStepDef - Verifying SignUp/Login Page is displayed
20:52:05.502 [main]INFO  pageObjectClasses.SignUpLoginPage - SignUp Or Login page is displayed
20:52:05.506 [main]INFO  stepDefinition.SignUpLogInPageStepDef - User is entering user Name and password
20:52:05.837 [main]INFO  pageObjectClasses.SignUpLoginPage - Entered User name as :QAAutomationClasses@gmail.com 
20:52:06.054 [main]INFO  pageObjectClasses.SignUpLoginPage - Entered password is  :QAAutomationClasses
20:52:06.054 [main]INFO  stepDefinition.SignUpLogInPageStepDef - user is clicking on Login button
20:52:08.932 [main]INFO  pageObjectClasses.SignUpLoginPage - Clicked on login button
20:52:08.935 [main]INFO  stepDefinition.UserHomePageStepDef - User is verifying application is navigated to user Home Page
20:52:08.962 [main]INFO  pageObjectClasses.UserHomePage - User Home page is displayed
20:52:08.964 [main]INFO  stepDefinition.UserHomePageStepDef - User is trying to click on logout link
20:52:10.601 [main]INFO  pageObjectClasses.UserHomePage - Clicked on logout link
20:52:11.169 [main]INFO  automationUtilities.BrowserFactory - Browser is chrome
20:52:12.810 [main]INFO  stepDefinition.OpenLogInPageStepDef - User trying to  navigate to application
20:52:17.714 [main]INFO  automationUtilities.BaseSteps - Navigated to application
20:52:17.718 [main]INFO  stepDefinition.OpenLogInPageStepDef - User  trying to click on log in link
20:52:19.130 [main]INFO  pageObjectClasses.HomePage - Clicked on SignUp Or Login Link
20:52:19.132 [main]INFO  stepDefinition.SignUpLogInPageStepDef - Verifying SignUp/Login Page is displayed
20:52:19.149 [main]INFO  pageObjectClasses.SignUpLoginPage - SignUp Or Login page is displayed
20:52:19.150 [main]INFO  stepDefinition.SignUpLogInPageStepDef - User is entering user Name and password
20:52:19.577 [main]INFO  pageObjectClasses.SignUpLoginPage - Entered User name as :QAAutomationClasses@gmail.com
20:52:19.735 [main]INFO  pageObjectClasses.SignUpLoginPage - Entered password is  :QAAutomationClasses
20:52:19.735 [main]INFO  stepDefinition.SignUpLogInPageStepDef - user is clicking on Login button
20:52:22.912 [main]INFO  pageObjectClasses.SignUpLoginPage - Clicked on login button
20:52:22.914 [main]INFO  stepDefinition.UserHomePageStepDef - User is verifying application is navigated to user Home Page
20:52:22.930 [main]INFO  pageObjectClasses.UserHomePage - User Home page is displayed
20:52:22.931 [main]INFO  stepDefinition.UserHomePageStepDef - User is trying to click on logout link
20:52:24.334 [main]INFO  pageObjectClasses.UserHomePage - Clicked on logout link
20:52:24.875 [main]INFO  automationUtilities.BrowserFactory - Browser is chrome
20:52:26.549 [main]INFO  stepDefinition.OpenLogInPageStepDef - User trying to  navigate to application
20:52:37.483 [main]INFO  automationUtilities.BaseSteps - Navigated to application
20:52:37.485 [main]INFO  stepDefinition.OpenLogInPageStepDef - User  trying to click on log in link
20:52:39.598 [main]INFO  pageObjectClasses.HomePage - Clicked on SignUp Or Login Link
20:52:39.599 [main]INFO  stepDefinition.SignUpLogInPageStepDef - Verifying SignUp/Login Page is displayed
20:52:39.611 [main]INFO  pageObjectClasses.SignUpLoginPage - SignUp Or Login page is displayed
20:52:39.612 [main]INFO  stepDefinition.SignUpLogInPageStepDef - User is entering user Name and password
20:52:40.013 [main]INFO  pageObjectClasses.SignUpLoginPage - Entered User name as :QAAutomationClasses1@gmail.com
20:52:40.221 [main]INFO  pageObjectClasses.SignUpLoginPage - Entered password is  :QAAutomationClasses1
20:52:40.222 [main]INFO  stepDefinition.SignUpLogInPageStepDef - user is clicking on Login button
20:52:41.899 [main]INFO  pageObjectClasses.SignUpLoginPage - Clicked on login button
20:52:41.900 [main]INFO  stepDefinition.UserHomePageStepDef - User is verifying application is navigated to user Home Page
21:20:23.797 [main]INFO  automationUtilities.BrowserFactory - Browser is chrome
21:20:27.766 [main]INFO  stepDefinition.OpenLogInPageStepDef - User trying to  navigate to application
21:20:31.204 [main]INFO  automationUtilities.BaseSteps - Navigated to application
21:20:31.270 [main]INFO  stepDefinition.OpenLogInPageStepDef - User  trying to click on log in link
21:20:32.679 [main]INFO  pageObjectClasses.HomePage - Clicked on SignUp Or Login Link
21:20:32.683 [main]INFO  stepDefinition.SignUpLogInPageStepDef - Verifying SignUp/Login Page is displayed
21:20:32.745 [main]INFO  pageObjectClasses.SignUpLoginPage - SignUp Or Login page is displayed
21:20:33.346 [main]INFO  automationUtilities.BrowserFactory - Browser is chrome
21:20:35.274 [main]INFO  stepDefinition.OpenLogInPageStepDef - User trying to  navigate to application
21:20:38.985 [main]INFO  automationUtilities.BaseSteps - Navigated to application
21:20:38.988 [main]INFO  stepDefinition.OpenLogInPageStepDef - User  trying to click on log in link
21:20:40.094 [main]INFO  pageObjectClasses.HomePage - Clicked on SignUp Or Login Link
21:20:40.095 [main]INFO  stepDefinition.SignUpLogInPageStepDef - Verifying SignUp/Login Page is displayed
21:20:40.112 [main]INFO  pageObjectClasses.SignUpLoginPage - SignUp Or Login page is displayed
21:20:40.115 [main]INFO  stepDefinition.SignUpLogInPageStepDef - User is entering user Name and password
21:20:40.470 [main]INFO  pageObjectClasses.SignUpLoginPage - Entered User name as :QAAutomationClasses@gmail.com 
21:20:40.607 [main]INFO  pageObjectClasses.SignUpLoginPage - Entered password is  :QAAutomationClasses
21:20:40.609 [main]INFO  stepDefinition.SignUpLogInPageStepDef - user is clicking on Login button
21:20:42.679 [main]INFO  pageObjectClasses.SignUpLoginPage - Clicked on login button
21:20:42.683 [main]INFO  stepDefinition.UserHomePageStepDef - User is verifying application is navigated to user Home Page
21:20:42.711 [main]INFO  pageObjectClasses.UserHomePage - User Home page is displayed
21:20:42.713 [main]INFO  stepDefinition.UserHomePageStepDef - User is trying to click on logout link
21:20:44.099 [main]INFO  pageObjectClasses.UserHomePage - Clicked on logout link
21:20:44.570 [main]INFO  automationUtilities.BrowserFactory - Browser is chrome
21:20:46.177 [main]INFO  stepDefinition.OpenLogInPageStepDef - User trying to  navigate to application
21:20:49.546 [main]INFO  automationUtilities.BaseSteps - Navigated to application
21:20:49.548 [main]INFO  stepDefinition.OpenLogInPageStepDef - User  trying to click on log in link
21:20:50.964 [main]INFO  pageObjectClasses.HomePage - Clicked on SignUp Or Login Link
21:20:50.966 [main]INFO  stepDefinition.SignUpLogInPageStepDef - Verifying SignUp/Login Page is displayed
21:20:50.984 [main]INFO  pageObjectClasses.SignUpLoginPage - SignUp Or Login page is displayed
21:20:50.985 [main]INFO  stepDefinition.SignUpLogInPageStepDef - User is entering user Name and password
21:20:51.232 [main]INFO  pageObjectClasses.SignUpLoginPage - Entered User name as :QAAutomationClasses@gmail.com
21:20:51.415 [main]INFO  pageObjectClasses.SignUpLoginPage - Entered password is  :QAAutomationClasses
21:20:51.416 [main]INFO  stepDefinition.SignUpLogInPageStepDef - user is clicking on Login button
21:20:54.985 [main]INFO  pageObjectClasses.SignUpLoginPage - Clicked on login button
21:20:54.986 [main]INFO  stepDefinition.UserHomePageStepDef - User is verifying application is navigated to user Home Page
21:20:54.999 [main]INFO  pageObjectClasses.UserHomePage - User Home page is displayed
21:20:55.000 [main]INFO  stepDefinition.UserHomePageStepDef - User is trying to click on logout link
21:20:56.568 [main]INFO  pageObjectClasses.UserHomePage - Clicked on logout link
21:20:57.111 [main]INFO  automationUtilities.BrowserFactory - Browser is chrome
21:20:58.838 [main]INFO  stepDefinition.OpenLogInPageStepDef - User trying to  navigate to application
21:21:04.246 [main]INFO  automationUtilities.BaseSteps - Navigated to application
21:21:04.249 [main]INFO  stepDefinition.OpenLogInPageStepDef - User  trying to click on log in link
21:21:05.515 [main]INFO  pageObjectClasses.HomePage - Clicked on SignUp Or Login Link
21:21:05.516 [main]INFO  stepDefinition.SignUpLogInPageStepDef - Verifying SignUp/Login Page is displayed
21:21:05.530 [main]INFO  pageObjectClasses.SignUpLoginPage - SignUp Or Login page is displayed
21:21:05.531 [main]INFO  stepDefinition.SignUpLogInPageStepDef - User is entering user Name and password
21:21:05.945 [main]INFO  pageObjectClasses.SignUpLoginPage - Entered User name as :QAAutomationClasses1@gmail.com
21:21:06.109 [main]INFO  pageObjectClasses.SignUpLoginPage - Entered password is  :QAAutomationClasses1
21:21:06.109 [main]INFO  stepDefinition.SignUpLogInPageStepDef - user is clicking on Login button
21:21:07.396 [main]INFO  pageObjectClasses.SignUpLoginPage - Clicked on login button
21:21:07.397 [main]INFO  stepDefinition.UserHomePageStepDef - User is verifying application is navigated to user Home Page
21:23:22.687 [main]INFO  automationUtilities.BrowserFactory - Browser is chrome
21:23:26.199 [main]INFO  stepDefinition.OpenLogInPageStepDef - User trying to  navigate to application
21:23:29.537 [main]INFO  automationUtilities.BaseSteps - Navigated to application
21:23:29.566 [main]INFO  stepDefinition.OpenLogInPageStepDef - User  trying to click on log in link
21:23:31.319 [main]INFO  pageObjectClasses.HomePage - Clicked on SignUp Or Login Link
21:23:31.321 [main]INFO  stepDefinition.SignUpLogInPageStepDef - Verifying SignUp/Login Page is displayed
21:23:31.346 [main]INFO  pageObjectClasses.SignUpLoginPage - SignUp Or Login page is displayed
21:23:32.044 [main]INFO  automationUtilities.BrowserFactory - Browser is chrome
21:23:33.780 [main]INFO  stepDefinition.OpenLogInPageStepDef - User trying to  navigate to application
21:23:38.031 [main]INFO  automationUtilities.BaseSteps - Navigated to application
21:23:38.037 [main]INFO  stepDefinition.OpenLogInPageStepDef - User  trying to click on log in link
21:23:39.824 [main]INFO  pageObjectClasses.HomePage - Clicked on SignUp Or Login Link
21:23:39.827 [main]INFO  stepDefinition.SignUpLogInPageStepDef - Verifying SignUp/Login Page is displayed
21:23:39.851 [main]INFO  pageObjectClasses.SignUpLoginPage - SignUp Or Login page is displayed
21:23:39.859 [main]INFO  stepDefinition.SignUpLogInPageStepDef - User is entering user Name and password
21:23:40.284 [main]INFO  pageObjectClasses.SignUpLoginPage - Entered User name as :QAAutomationClasses@gmail.com 
21:23:40.470 [main]INFO  pageObjectClasses.SignUpLoginPage - Entered password is  :QAAutomationClasses
21:23:40.473 [main]INFO  stepDefinition.SignUpLogInPageStepDef - user is clicking on Login button
21:24:55.832 [main]INFO  pageObjectClasses.SignUpLoginPage - Clicked on login button
21:24:55.833 [main]INFO  stepDefinition.UserHomePageStepDef - User is verifying application is navigated to user Home Page
21:24:55.849 [main]INFO  pageObjectClasses.UserHomePage - User Home page is displayed
21:24:55.850 [main]INFO  stepDefinition.UserHomePageStepDef - User is trying to click on logout link
21:24:57.241 [main]INFO  pageObjectClasses.UserHomePage - Clicked on logout link
21:24:57.795 [main]INFO  automationUtilities.BrowserFactory - Browser is chrome
21:25:00.279 [main]INFO  stepDefinition.OpenLogInPageStepDef - User trying to  navigate to application
21:25:05.484 [main]INFO  automationUtilities.BaseSteps - Navigated to application
21:25:05.489 [main]INFO  stepDefinition.OpenLogInPageStepDef - User  trying to click on log in link
21:25:06.846 [main]INFO  pageObjectClasses.HomePage - Clicked on SignUp Or Login Link
21:25:06.848 [main]INFO  stepDefinition.SignUpLogInPageStepDef - Verifying SignUp/Login Page is displayed
21:25:06.865 [main]INFO  pageObjectClasses.SignUpLoginPage - SignUp Or Login page is displayed
21:25:06.866 [main]INFO  stepDefinition.SignUpLogInPageStepDef - User is entering user Name and password
21:25:07.186 [main]INFO  pageObjectClasses.SignUpLoginPage - Entered User name as :QAAutomationClasses@gmail.com
21:25:07.348 [main]INFO  pageObjectClasses.SignUpLoginPage - Entered password is  :QAAutomationClasses
21:25:07.349 [main]INFO  stepDefinition.SignUpLogInPageStepDef - user is clicking on Login button
21:25:10.281 [main]INFO  pageObjectClasses.SignUpLoginPage - Clicked on login button
21:25:10.283 [main]INFO  stepDefinition.UserHomePageStepDef - User is verifying application is navigated to user Home Page
21:25:10.305 [main]INFO  pageObjectClasses.UserHomePage - User Home page is displayed
21:25:10.308 [main]INFO  stepDefinition.UserHomePageStepDef - User is trying to click on logout link
21:25:11.899 [main]INFO  pageObjectClasses.UserHomePage - Clicked on logout link
21:25:12.401 [main]INFO  automationUtilities.BrowserFactory - Browser is chrome
21:25:14.106 [main]INFO  stepDefinition.OpenLogInPageStepDef - User trying to  navigate to application
21:25:17.401 [main]INFO  automationUtilities.BaseSteps - Navigated to application
21:25:17.402 [main]INFO  stepDefinition.OpenLogInPageStepDef - User  trying to click on log in link
21:25:18.665 [main]INFO  pageObjectClasses.HomePage - Clicked on SignUp Or Login Link
21:25:18.666 [main]INFO  stepDefinition.SignUpLogInPageStepDef - Verifying SignUp/Login Page is displayed
21:25:18.685 [main]INFO  pageObjectClasses.SignUpLoginPage - SignUp Or Login page is displayed
21:25:18.687 [main]INFO  stepDefinition.SignUpLogInPageStepDef - User is entering user Name and password
21:25:19.134 [main]INFO  pageObjectClasses.SignUpLoginPage - Entered User name as :QAAutomationClasses1@gmail.com
21:25:19.312 [main]INFO  pageObjectClasses.SignUpLoginPage - Entered password is  :QAAutomationClasses1
21:25:19.313 [main]INFO  stepDefinition.SignUpLogInPageStepDef - user is clicking on Login button
21:25:20.482 [main]INFO  pageObjectClasses.SignUpLoginPage - Clicked on login button
21:25:20.484 [main]INFO  stepDefinition.UserHomePageStepDef - User is verifying application is navigated to user Home Page
21:27:46.093 [main]INFO  automationUtilities.BrowserFactory - Browser is chrome
21:27:48.533 [main]INFO  stepDefinition.OpenLogInPageStepDef - User trying to  navigate to application
21:27:52.053 [main]INFO  automationUtilities.BaseSteps - Navigated to application
21:27:52.112 [main]INFO  stepDefinition.OpenLogInPageStepDef - User  trying to click on log in link
21:27:53.471 [main]INFO  pageObjectClasses.HomePage - Clicked on SignUp Or Login Link
21:27:53.478 [main]INFO  stepDefinition.SignUpLogInPageStepDef - Verifying SignUp/Login Page is displayed
21:27:53.498 [main]INFO  pageObjectClasses.SignUpLoginPage - SignUp Or Login page is displayed
21:27:54.215 [main]INFO  automationUtilities.BrowserFactory - Browser is chrome
21:27:55.798 [main]INFO  stepDefinition.OpenLogInPageStepDef - User trying to  navigate to application
21:27:59.255 [main]INFO  automationUtilities.BaseSteps - Navigated to application
21:27:59.258 [main]INFO  stepDefinition.OpenLogInPageStepDef - User  trying to click on log in link
21:28:00.671 [main]INFO  pageObjectClasses.HomePage - Clicked on SignUp Or Login Link
21:28:00.674 [main]INFO  stepDefinition.SignUpLogInPageStepDef - Verifying SignUp/Login Page is displayed
21:28:00.698 [main]INFO  pageObjectClasses.SignUpLoginPage - SignUp Or Login page is displayed
21:28:00.703 [main]INFO  stepDefinition.SignUpLogInPageStepDef - User is entering user Name and password
21:28:01.143 [main]INFO  pageObjectClasses.SignUpLoginPage - Entered User name as :QAAutomationClasses@gmail.com 
21:28:01.300 [main]INFO  pageObjectClasses.SignUpLoginPage - Entered password is  :QAAutomationClasses
21:28:01.301 [main]INFO  stepDefinition.SignUpLogInPageStepDef - user is clicking on Login button
21:28:03.928 [main]INFO  pageObjectClasses.SignUpLoginPage - Clicked on login button
21:28:03.929 [main]INFO  stepDefinition.UserHomePageStepDef - User is verifying application is navigated to user Home Page
21:28:03.939 [main]INFO  pageObjectClasses.UserHomePage - User Home page is displayed
21:28:03.941 [main]INFO  stepDefinition.UserHomePageStepDef - User is trying to click on logout link
21:28:05.533 [main]INFO  pageObjectClasses.UserHomePage - Clicked on logout link
21:28:06.011 [main]INFO  automationUtilities.BrowserFactory - Browser is chrome
21:28:07.588 [main]INFO  stepDefinition.OpenLogInPageStepDef - User trying to  navigate to application
21:28:10.931 [main]INFO  automationUtilities.BaseSteps - Navigated to application
21:28:10.932 [main]INFO  stepDefinition.OpenLogInPageStepDef - User  trying to click on log in link
21:28:12.843 [main]INFO  pageObjectClasses.HomePage - Clicked on SignUp Or Login Link
21:28:12.844 [main]INFO  stepDefinition.SignUpLogInPageStepDef - Verifying SignUp/Login Page is displayed
21:28:12.856 [main]INFO  pageObjectClasses.SignUpLoginPage - SignUp Or Login page is displayed
21:28:12.858 [main]INFO  stepDefinition.SignUpLogInPageStepDef - User is entering user Name and password
21:28:13.214 [main]INFO  pageObjectClasses.SignUpLoginPage - Entered User name as :QAAutomationClasses@gmail.com
21:28:13.375 [main]INFO  pageObjectClasses.SignUpLoginPage - Entered password is  :QAAutomationClasses
21:28:13.375 [main]INFO  stepDefinition.SignUpLogInPageStepDef - user is clicking on Login button
21:28:16.226 [main]INFO  pageObjectClasses.SignUpLoginPage - Clicked on login button
21:28:16.228 [main]INFO  stepDefinition.UserHomePageStepDef - User is verifying application is navigated to user Home Page
21:28:16.246 [main]INFO  pageObjectClasses.UserHomePage - User Home page is displayed
21:28:16.248 [main]INFO  stepDefinition.UserHomePageStepDef - User is trying to click on logout link
21:28:17.793 [main]INFO  pageObjectClasses.UserHomePage - Clicked on logout link
21:28:18.454 [main]INFO  automationUtilities.BrowserFactory - Browser is chrome
21:28:20.120 [main]INFO  stepDefinition.OpenLogInPageStepDef - User trying to  navigate to application
21:28:23.415 [main]INFO  automationUtilities.BaseSteps - Navigated to application
21:28:23.418 [main]INFO  stepDefinition.OpenLogInPageStepDef - User  trying to click on log in link
21:28:24.909 [main]INFO  pageObjectClasses.HomePage - Clicked on SignUp Or Login Link
21:28:24.911 [main]INFO  stepDefinition.SignUpLogInPageStepDef - Verifying SignUp/Login Page is displayed
21:28:24.926 [main]INFO  pageObjectClasses.SignUpLoginPage - SignUp Or Login page is displayed
21:28:24.928 [main]INFO  stepDefinition.SignUpLogInPageStepDef - User is entering user Name and password
21:28:25.262 [main]INFO  pageObjectClasses.SignUpLoginPage - Entered User name as :QAAutomationClasses1@gmail.com
21:28:25.415 [main]INFO  pageObjectClasses.SignUpLoginPage - Entered password is  :QAAutomationClasses1
21:28:25.416 [main]INFO  stepDefinition.SignUpLogInPageStepDef - user is clicking on Login button
21:28:26.680 [main]INFO  pageObjectClasses.SignUpLoginPage - Clicked on login button
21:28:26.681 [main]INFO  stepDefinition.UserHomePageStepDef - User is verifying application is navigated to user Home Page
21:33:08.054 [main]INFO  automationUtilities.BrowserFactory - Browser is chrome
21:33:10.214 [main]INFO  stepDefinition.OpenLogInPageStepDef - User trying to  navigate to application
21:33:13.415 [main]INFO  automationUtilities.BaseSteps - Navigated to application
21:33:13.465 [main]INFO  stepDefinition.OpenLogInPageStepDef - User  trying to click on log in link
21:33:14.829 [main]INFO  pageObjectClasses.HomePage - Clicked on SignUp Or Login Link
21:33:14.834 [main]INFO  stepDefinition.SignUpLogInPageStepDef - Verifying SignUp/Login Page is displayed
21:33:14.853 [main]INFO  pageObjectClasses.SignUpLoginPage - SignUp Or Login page is displayed
21:33:15.507 [main]INFO  automationUtilities.BrowserFactory - Browser is chrome
21:33:17.056 [main]INFO  stepDefinition.OpenLogInPageStepDef - User trying to  navigate to application
21:33:21.904 [main]INFO  automationUtilities.BaseSteps - Navigated to application
21:33:21.910 [main]INFO  stepDefinition.OpenLogInPageStepDef - User  trying to click on log in link
21:33:23.108 [main]INFO  pageObjectClasses.HomePage - Clicked on SignUp Or Login Link
21:33:23.111 [main]INFO  stepDefinition.SignUpLogInPageStepDef - Verifying SignUp/Login Page is displayed
21:33:23.132 [main]INFO  pageObjectClasses.SignUpLoginPage - SignUp Or Login page is displayed
21:33:23.138 [main]INFO  stepDefinition.SignUpLogInPageStepDef - User is entering user Name and password
21:33:23.446 [main]INFO  pageObjectClasses.SignUpLoginPage - Entered User name as :QAAutomationClasses@gmail.com 
21:33:23.605 [main]INFO  pageObjectClasses.SignUpLoginPage - Entered password is  :QAAutomationClasses
21:33:23.607 [main]INFO  stepDefinition.SignUpLogInPageStepDef - user is clicking on Login button
21:33:26.353 [main]INFO  pageObjectClasses.SignUpLoginPage - Clicked on login button
21:33:26.356 [main]INFO  stepDefinition.UserHomePageStepDef - User is verifying application is navigated to user Home Page
21:33:26.377 [main]INFO  pageObjectClasses.UserHomePage - User Home page is displayed
21:33:26.378 [main]INFO  stepDefinition.UserHomePageStepDef - User is trying to click on logout link
21:33:27.848 [main]INFO  pageObjectClasses.UserHomePage - Clicked on logout link
21:33:28.318 [main]INFO  automationUtilities.BrowserFactory - Browser is chrome
21:33:30.118 [main]INFO  stepDefinition.OpenLogInPageStepDef - User trying to  navigate to application
21:33:33.350 [main]INFO  automationUtilities.BaseSteps - Navigated to application
21:33:33.352 [main]INFO  stepDefinition.OpenLogInPageStepDef - User  trying to click on log in link
21:33:34.561 [main]INFO  pageObjectClasses.HomePage - Clicked on SignUp Or Login Link
21:33:34.562 [main]INFO  stepDefinition.SignUpLogInPageStepDef - Verifying SignUp/Login Page is displayed
21:33:34.581 [main]INFO  pageObjectClasses.SignUpLoginPage - SignUp Or Login page is displayed
21:33:34.582 [main]INFO  stepDefinition.SignUpLogInPageStepDef - User is entering user Name and password
21:33:35.031 [main]INFO  pageObjectClasses.SignUpLoginPage - Entered User name as :QAAutomationClasses@gmail.com
21:33:35.242 [main]INFO  pageObjectClasses.SignUpLoginPage - Entered password is  :QAAutomationClasses
21:33:35.242 [main]INFO  stepDefinition.SignUpLogInPageStepDef - user is clicking on Login button
21:33:37.329 [main]INFO  pageObjectClasses.SignUpLoginPage - Clicked on login button
21:33:37.330 [main]INFO  stepDefinition.UserHomePageStepDef - User is verifying application is navigated to user Home Page
21:33:37.346 [main]INFO  pageObjectClasses.UserHomePage - User Home page is displayed
21:33:37.346 [main]INFO  stepDefinition.UserHomePageStepDef - User is trying to click on logout link
21:33:38.946 [main]INFO  pageObjectClasses.UserHomePage - Clicked on logout link
21:33:39.402 [main]INFO  automationUtilities.BrowserFactory - Browser is chrome
21:33:41.003 [main]INFO  stepDefinition.OpenLogInPageStepDef - User trying to  navigate to application
21:33:44.349 [main]INFO  automationUtilities.BaseSteps - Navigated to application
21:33:44.353 [main]INFO  stepDefinition.OpenLogInPageStepDef - User  trying to click on log in link
21:33:46.262 [main]INFO  pageObjectClasses.HomePage - Clicked on SignUp Or Login Link
21:33:46.265 [main]INFO  stepDefinition.SignUpLogInPageStepDef - Verifying SignUp/Login Page is displayed
21:33:46.282 [main]INFO  pageObjectClasses.SignUpLoginPage - SignUp Or Login page is displayed
21:33:46.283 [main]INFO  stepDefinition.SignUpLogInPageStepDef - User is entering user Name and password
21:33:46.611 [main]INFO  pageObjectClasses.SignUpLoginPage - Entered User name as :QAAutomationClasses1@gmail.com
21:33:46.793 [main]INFO  pageObjectClasses.SignUpLoginPage - Entered password is  :QAAutomationClasses1
21:33:46.794 [main]INFO  stepDefinition.SignUpLogInPageStepDef - user is clicking on Login button
21:33:48.225 [main]INFO  pageObjectClasses.SignUpLoginPage - Clicked on login button
21:33:48.227 [main]INFO  stepDefinition.UserHomePageStepDef - User is verifying application is navigated to user Home Page
21:35:55.806 [main]INFO  automationUtilities.BrowserFactory - Browser is chrome
21:35:58.318 [main]INFO  stepDefinition.OpenLogInPageStepDef - User trying to  navigate to application
21:36:01.668 [main]INFO  automationUtilities.BaseSteps - Navigated to application
21:36:01.717 [main]INFO  stepDefinition.OpenLogInPageStepDef - User  trying to click on log in link
21:36:04.260 [main]INFO  pageObjectClasses.HomePage - Clicked on SignUp Or Login Link
21:36:04.262 [main]INFO  stepDefinition.SignUpLogInPageStepDef - Verifying SignUp/Login Page is displayed
21:36:04.278 [main]INFO  pageObjectClasses.SignUpLoginPage - SignUp Or Login page is displayed
21:36:04.797 [main]INFO  automationUtilities.BrowserFactory - Browser is chrome
21:36:06.415 [main]INFO  stepDefinition.OpenLogInPageStepDef - User trying to  navigate to application
21:36:11.363 [main]INFO  automationUtilities.BaseSteps - Navigated to application
21:36:11.364 [main]INFO  stepDefinition.OpenLogInPageStepDef - User  trying to click on log in link
21:36:13.498 [main]INFO  pageObjectClasses.HomePage - Clicked on SignUp Or Login Link
21:36:13.499 [main]INFO  stepDefinition.SignUpLogInPageStepDef - Verifying SignUp/Login Page is displayed
21:36:13.526 [main]INFO  pageObjectClasses.SignUpLoginPage - SignUp Or Login page is displayed
21:36:13.530 [main]INFO  stepDefinition.SignUpLogInPageStepDef - User is entering user Name and password
21:36:13.861 [main]INFO  pageObjectClasses.SignUpLoginPage - Entered User name as :QAAutomationClasses@gmail.com 
21:36:14.012 [main]INFO  pageObjectClasses.SignUpLoginPage - Entered password is  :QAAutomationClasses
21:36:14.013 [main]INFO  stepDefinition.SignUpLogInPageStepDef - user is clicking on Login button
21:36:18.293 [main]INFO  pageObjectClasses.SignUpLoginPage - Clicked on login button
21:36:18.296 [main]INFO  stepDefinition.UserHomePageStepDef - User is verifying application is navigated to user Home Page
21:36:18.321 [main]INFO  pageObjectClasses.UserHomePage - User Home page is displayed
21:36:18.324 [main]INFO  stepDefinition.UserHomePageStepDef - User is trying to click on logout link
21:36:19.907 [main]INFO  pageObjectClasses.UserHomePage - Clicked on logout link
21:42:52.215 [main]INFO  automationUtilities.BrowserFactory - Browser is chrome
21:42:55.325 [main]INFO  stepDefinition.OpenLogInPageStepDef - User trying to  navigate to application
21:42:59.868 [main]INFO  automationUtilities.BaseSteps - Navigated to application
21:42:59.909 [main]INFO  stepDefinition.OpenLogInPageStepDef - User  trying to click on log in link
21:43:02.036 [main]INFO  pageObjectClasses.HomePage - Clicked on SignUp Or Login Link
21:43:02.042 [main]INFO  stepDefinition.SignUpLogInPageStepDef - Verifying SignUp/Login Page is displayed
21:43:02.068 [main]INFO  pageObjectClasses.SignUpLoginPage - SignUp Or Login page is displayed
21:43:02.569 [main]INFO  automationUtilities.BrowserFactory - Browser is chrome
21:43:04.241 [main]INFO  stepDefinition.OpenLogInPageStepDef - User trying to  navigate to application
21:43:07.837 [main]INFO  automationUtilities.BaseSteps - Navigated to application
21:43:07.843 [main]INFO  stepDefinition.OpenLogInPageStepDef - User  trying to click on log in link
21:43:09.226 [main]INFO  pageObjectClasses.HomePage - Clicked on SignUp Or Login Link
21:43:09.230 [main]INFO  stepDefinition.SignUpLogInPageStepDef - Verifying SignUp/Login Page is displayed
21:43:09.253 [main]INFO  pageObjectClasses.SignUpLoginPage - SignUp Or Login page is displayed
21:43:09.261 [main]INFO  stepDefinition.SignUpLogInPageStepDef - User is entering user Name and password
21:43:09.609 [main]INFO  pageObjectClasses.SignUpLoginPage - Entered User name as :QAAutomationClasses@gmail.com 
21:43:09.767 [main]INFO  pageObjectClasses.SignUpLoginPage - Entered password is  :QAAutomationClasses
21:43:09.769 [main]INFO  stepDefinition.SignUpLogInPageStepDef - user is clicking on Login button
21:43:14.775 [main]INFO  pageObjectClasses.SignUpLoginPage - Clicked on login button
21:43:14.778 [main]INFO  stepDefinition.UserHomePageStepDef - User is verifying application is navigated to user Home Page
21:43:14.793 [main]INFO  pageObjectClasses.UserHomePage - User Home page is displayed
21:43:14.795 [main]INFO  stepDefinition.UserHomePageStepDef - User is trying to click on logout link
21:43:16.133 [main]INFO  pageObjectClasses.UserHomePage - Clicked on logout link
21:46:52.650 [main]INFO  automationUtilities.BrowserFactory - Browser is chrome
21:46:55.808 [main]INFO  stepDefinition.OpenLogInPageStepDef - User trying to  navigate to application
21:47:00.846 [main]INFO  automationUtilities.BaseSteps - Navigated to application
21:47:00.915 [main]INFO  stepDefinition.OpenLogInPageStepDef - User  trying to click on log in link
21:47:02.253 [main]INFO  pageObjectClasses.HomePage - Clicked on SignUp Or Login Link
21:47:02.261 [main]INFO  stepDefinition.SignUpLogInPageStepDef - Verifying SignUp/Login Page is displayed
21:47:02.310 [main]INFO  pageObjectClasses.SignUpLoginPage - SignUp Or Login page is displayed
21:47:03.160 [main]INFO  automationUtilities.BrowserFactory - Browser is chrome
21:47:05.145 [main]INFO  stepDefinition.OpenLogInPageStepDef - User trying to  navigate to application
21:47:08.354 [main]INFO  automationUtilities.BaseSteps - Navigated to application
21:47:08.363 [main]INFO  stepDefinition.OpenLogInPageStepDef - User  trying to click on log in link
21:47:09.598 [main]INFO  pageObjectClasses.HomePage - Clicked on SignUp Or Login Link
21:47:09.600 [main]INFO  stepDefinition.SignUpLogInPageStepDef - Verifying SignUp/Login Page is displayed
21:47:09.613 [main]INFO  pageObjectClasses.SignUpLoginPage - SignUp Or Login page is displayed
21:47:09.617 [main]INFO  stepDefinition.SignUpLogInPageStepDef - User is entering user Name and password
21:47:09.916 [main]INFO  pageObjectClasses.SignUpLoginPage - Entered User name as :QAAutomationClasses@gmail.com 
21:47:10.087 [main]INFO  pageObjectClasses.SignUpLoginPage - Entered password is  :QAAutomationClasses
21:47:10.090 [main]INFO  stepDefinition.SignUpLogInPageStepDef - user is clicking on Login button
21:47:12.096 [main]INFO  pageObjectClasses.SignUpLoginPage - Clicked on login button
21:47:12.099 [main]INFO  stepDefinition.UserHomePageStepDef - User is verifying application is navigated to user Home Page
21:47:12.120 [main]INFO  pageObjectClasses.UserHomePage - User Home page is displayed
21:47:12.125 [main]INFO  stepDefinition.UserHomePageStepDef - User is trying to click on logout link
21:47:13.593 [main]INFO  pageObjectClasses.UserHomePage - Clicked on logout link
21:47:14.091 [main]INFO  automationUtilities.BrowserFactory - Browser is chrome
21:47:15.832 [main]INFO  stepDefinition.OpenLogInPageStepDef - User trying to  navigate to application
21:47:19.384 [main]INFO  automationUtilities.BaseSteps - Navigated to application
21:47:19.394 [main]INFO  stepDefinition.OpenLogInPageStepDef - User  trying to click on log in link
21:47:20.719 [main]INFO  pageObjectClasses.HomePage - Clicked on SignUp Or Login Link
21:47:20.721 [main]INFO  stepDefinition.SignUpLogInPageStepDef - Verifying SignUp/Login Page is displayed
21:47:20.733 [main]INFO  pageObjectClasses.SignUpLoginPage - SignUp Or Login page is displayed
21:47:20.736 [main]INFO  stepDefinition.SignUpLogInPageStepDef - User is entering user Name and password
21:47:21.029 [main]INFO  pageObjectClasses.SignUpLoginPage - Entered User name as :QAAutomationClasses@gmail.com
21:47:21.207 [main]INFO  pageObjectClasses.SignUpLoginPage - Entered password is  :QAAutomationClasses
21:47:21.209 [main]INFO  stepDefinition.SignUpLogInPageStepDef - user is clicking on Login button
21:47:23.417 [main]INFO  pageObjectClasses.SignUpLoginPage - Clicked on login button
21:47:23.420 [main]INFO  stepDefinition.UserHomePageStepDef - User is verifying application is navigated to user Home Page
21:47:23.441 [main]INFO  pageObjectClasses.UserHomePage - User Home page is displayed
21:47:23.443 [main]INFO  stepDefinition.UserHomePageStepDef - User is trying to click on logout link
21:47:24.864 [main]INFO  pageObjectClasses.UserHomePage - Clicked on logout link
21:47:25.404 [main]INFO  automationUtilities.BrowserFactory - Browser is chrome
21:47:26.938 [main]INFO  stepDefinition.OpenLogInPageStepDef - User trying to  navigate to application
21:47:30.398 [main]INFO  automationUtilities.BaseSteps - Navigated to application
21:47:30.404 [main]INFO  stepDefinition.OpenLogInPageStepDef - User  trying to click on log in link
21:47:31.861 [main]INFO  pageObjectClasses.HomePage - Clicked on SignUp Or Login Link
21:47:31.863 [main]INFO  stepDefinition.SignUpLogInPageStepDef - Verifying SignUp/Login Page is displayed
21:47:31.877 [main]INFO  pageObjectClasses.SignUpLoginPage - SignUp Or Login page is displayed
21:47:31.878 [main]INFO  stepDefinition.SignUpLogInPageStepDef - User is entering user Name and password
21:47:32.231 [main]INFO  pageObjectClasses.SignUpLoginPage - Entered User name as :QAAutomationClasses1@gmail.com
21:47:32.400 [main]INFO  pageObjectClasses.SignUpLoginPage - Entered password is  :QAAutomationClasses1
21:47:32.401 [main]INFO  stepDefinition.SignUpLogInPageStepDef - user is clicking on Login button
21:47:33.635 [main]INFO  pageObjectClasses.SignUpLoginPage - Clicked on login button
21:47:33.637 [main]INFO  stepDefinition.UserHomePageStepDef - User is verifying application is navigated to user Home Page
22:11:07.131 [main]INFO  automationUtilities.BrowserFactory - Browser is chrome
22:11:17.290 [main]INFO  stepDefinition.OpenLogInPageStepDef - User trying to  navigate to application
22:11:27.031 [main]INFO  automationUtilities.BaseSteps - Navigated to application
22:11:27.211 [main]INFO  stepDefinition.OpenLogInPageStepDef - User  trying to click on log in link
22:11:29.445 [main]INFO  pageObjectClasses.HomePage - Clicked on SignUp Or Login Link
22:11:29.452 [main]INFO  stepDefinition.SignUpLogInPageStepDef - Verifying SignUp/Login Page is displayed
22:11:29.499 [main]INFO  pageObjectClasses.SignUpLoginPage - SignUp Or Login page is displayed
22:11:52.306 [main]INFO  automationUtilities.BrowserFactory - Browser is chrome
22:12:00.027 [main]INFO  stepDefinition.OpenLogInPageStepDef - User trying to  navigate to application
22:12:05.615 [main]INFO  automationUtilities.BaseSteps - Navigated to application
22:12:05.622 [main]INFO  stepDefinition.OpenLogInPageStepDef - User  trying to click on log in link
22:12:10.560 [main]INFO  pageObjectClasses.HomePage - Clicked on SignUp Or Login Link
22:12:10.571 [main]INFO  stepDefinition.SignUpLogInPageStepDef - Verifying SignUp/Login Page is displayed
22:12:11.060 [main]INFO  pageObjectClasses.SignUpLoginPage - SignUp Or Login page is displayed
22:12:11.075 [main]INFO  stepDefinition.SignUpLogInPageStepDef - User is entering user Name and password
22:12:13.081 [main]INFO  pageObjectClasses.SignUpLoginPage - Entered User name as :QAAutomationClasses@gmail.com 
22:12:13.870 [main]INFO  pageObjectClasses.SignUpLoginPage - Entered password is  :QAAutomationClasses
22:12:13.881 [main]INFO  stepDefinition.SignUpLogInPageStepDef - user is clicking on Login button
22:12:25.120 [main]INFO  pageObjectClasses.SignUpLoginPage - Clicked on login button
22:12:25.127 [main]INFO  stepDefinition.UserHomePageStepDef - User is verifying application is navigated to user Home Page
22:12:25.160 [main]INFO  pageObjectClasses.UserHomePage - User Home page is displayed
22:12:25.164 [main]INFO  stepDefinition.UserHomePageStepDef - User is trying to click on logout link
22:12:30.146 [main]INFO  pageObjectClasses.UserHomePage - Clicked on logout link
22:12:31.694 [main]INFO  automationUtilities.BrowserFactory - Browser is chrome
22:12:40.889 [main]INFO  stepDefinition.OpenLogInPageStepDef - User trying to  navigate to application
22:12:46.843 [main]INFO  automationUtilities.BaseSteps - Navigated to application
22:12:46.849 [main]INFO  stepDefinition.OpenLogInPageStepDef - User  trying to click on log in link
22:12:49.163 [main]INFO  pageObjectClasses.HomePage - Clicked on SignUp Or Login Link
22:12:49.170 [main]INFO  stepDefinition.SignUpLogInPageStepDef - Verifying SignUp/Login Page is displayed
22:12:50.511 [main]INFO  pageObjectClasses.SignUpLoginPage - SignUp Or Login page is displayed
22:12:50.517 [main]INFO  stepDefinition.SignUpLogInPageStepDef - User is entering user Name and password
22:12:52.008 [main]INFO  pageObjectClasses.SignUpLoginPage - Entered User name as :QAAutomationClasses@gmail.com
22:12:52.463 [main]INFO  pageObjectClasses.SignUpLoginPage - Entered password is  :QAAutomationClasses
22:12:52.470 [main]INFO  stepDefinition.SignUpLogInPageStepDef - user is clicking on Login button
22:12:57.176 [main]INFO  pageObjectClasses.SignUpLoginPage - Clicked on login button
22:12:57.185 [main]INFO  stepDefinition.UserHomePageStepDef - User is verifying application is navigated to user Home Page
22:12:57.253 [main]INFO  pageObjectClasses.UserHomePage - User Home page is displayed
22:12:57.261 [main]INFO  stepDefinition.UserHomePageStepDef - User is trying to click on logout link
22:12:59.224 [main]INFO  pageObjectClasses.UserHomePage - Clicked on logout link
22:13:01.407 [main]INFO  automationUtilities.BrowserFactory - Browser is chrome
22:13:06.539 [main]INFO  stepDefinition.OpenLogInPageStepDef - User trying to  navigate to application
22:13:11.794 [main]INFO  automationUtilities.BaseSteps - Navigated to application
22:13:11.797 [main]INFO  stepDefinition.OpenLogInPageStepDef - User  trying to click on log in link
22:13:13.367 [main]INFO  pageObjectClasses.HomePage - Clicked on SignUp Or Login Link
22:13:13.372 [main]INFO  stepDefinition.SignUpLogInPageStepDef - Verifying SignUp/Login Page is displayed
22:13:13.410 [main]INFO  pageObjectClasses.SignUpLoginPage - SignUp Or Login page is displayed
22:13:13.412 [main]INFO  stepDefinition.SignUpLogInPageStepDef - User is entering user Name and password
22:13:14.446 [main]INFO  pageObjectClasses.SignUpLoginPage - Entered User name as :QAAutomationClasses1@gmail.com
22:13:14.931 [main]INFO  pageObjectClasses.SignUpLoginPage - Entered password is  :QAAutomationClasses1
22:13:14.934 [main]INFO  stepDefinition.SignUpLogInPageStepDef - user is clicking on Login button
22:13:16.453 [main]INFO  pageObjectClasses.SignUpLoginPage - Clicked on login button
22:13:16.459 [main]INFO  stepDefinition.UserHomePageStepDef - User is verifying application is navigated to user Home Page
22:21:48.081 [pool-3-thread-1]INFO  automationUtilities.BrowserFactory - Browser is chrome
22:21:57.356 [pool-3-thread-3]INFO  stepDefinition.OpenLogInPageStepDef - User trying to  navigate to application
22:21:57.358 [pool-3-thread-2]INFO  stepDefinition.OpenLogInPageStepDef - User trying to  navigate to application
22:21:57.359 [pool-3-thread-1]INFO  stepDefinition.OpenLogInPageStepDef - User trying to  navigate to application
22:22:02.795 [pool-3-thread-3]INFO  automationUtilities.BaseSteps - Navigated to application
22:22:03.328 [pool-3-thread-3]INFO  stepDefinition.OpenLogInPageStepDef - User  trying to click on log in link
22:22:03.807 [pool-3-thread-1]INFO  automationUtilities.BaseSteps - Navigated to application
22:22:03.816 [pool-3-thread-1]INFO  stepDefinition.OpenLogInPageStepDef - User  trying to click on log in link
22:22:04.746 [pool-3-thread-2]INFO  automationUtilities.BaseSteps - Navigated to application
22:22:04.754 [pool-3-thread-2]INFO  stepDefinition.OpenLogInPageStepDef - User  trying to click on log in link
22:22:05.650 [pool-3-thread-3]INFO  pageObjectClasses.HomePage - Clicked on SignUp Or Login Link
22:22:05.657 [pool-3-thread-3]INFO  stepDefinition.SignUpLogInPageStepDef - Verifying SignUp/Login Page is displayed
22:22:05.796 [pool-3-thread-3]INFO  pageObjectClasses.SignUpLoginPage - SignUp Or Login page is displayed
22:22:05.817 [pool-3-thread-3]INFO  stepDefinition.SignUpLogInPageStepDef - User is entering user Name and password
22:22:06.276 [pool-3-thread-3]INFO  pageObjectClasses.SignUpLoginPage - Entered User name as :QAAutomationClasses@gmail.com 
22:22:06.694 [pool-3-thread-3]INFO  pageObjectClasses.SignUpLoginPage - Entered password is  :QAAutomationClasses
22:22:06.697 [pool-3-thread-3]INFO  stepDefinition.SignUpLogInPageStepDef - user is clicking on Login button
22:22:07.424 [pool-3-thread-2]INFO  pageObjectClasses.HomePage - Clicked on SignUp Or Login Link
22:22:07.427 [pool-3-thread-2]INFO  stepDefinition.SignUpLogInPageStepDef - Verifying SignUp/Login Page is displayed
22:22:07.483 [pool-3-thread-2]INFO  pageObjectClasses.SignUpLoginPage - SignUp Or Login page is displayed
22:22:10.092 [pool-3-thread-3]INFO  pageObjectClasses.SignUpLoginPage - Clicked on login button
22:22:10.096 [pool-3-thread-3]INFO  stepDefinition.UserHomePageStepDef - User is verifying application is navigated to user Home Page
22:22:10.174 [pool-3-thread-3]INFO  pageObjectClasses.UserHomePage - User Home page is displayed
22:22:10.176 [pool-3-thread-3]INFO  stepDefinition.UserHomePageStepDef - User is trying to click on logout link
22:22:10.509 [pool-3-thread-1]INFO  pageObjectClasses.HomePage - Clicked on SignUp Or Login Link
22:22:10.511 [pool-3-thread-1]INFO  stepDefinition.SignUpLogInPageStepDef - Verifying SignUp/Login Page is displayed
22:22:10.550 [pool-3-thread-1]INFO  pageObjectClasses.SignUpLoginPage - SignUp Or Login page is displayed
22:22:12.766 [pool-3-thread-3]INFO  pageObjectClasses.UserHomePage - Clicked on logout link
22:22:15.188 [pool-3-thread-3]INFO  automationUtilities.BrowserFactory - Browser is chrome
22:22:18.609 [pool-3-thread-3]INFO  stepDefinition.OpenLogInPageStepDef - User trying to  navigate to application
22:22:21.969 [pool-3-thread-3]INFO  automationUtilities.BaseSteps - Navigated to application
22:22:21.972 [pool-3-thread-3]INFO  stepDefinition.OpenLogInPageStepDef - User  trying to click on log in link
22:22:23.454 [pool-3-thread-3]INFO  pageObjectClasses.HomePage - Clicked on SignUp Or Login Link
22:22:23.455 [pool-3-thread-3]INFO  stepDefinition.SignUpLogInPageStepDef - Verifying SignUp/Login Page is displayed
22:22:23.468 [pool-3-thread-3]INFO  pageObjectClasses.SignUpLoginPage - SignUp Or Login page is displayed
22:22:23.469 [pool-3-thread-3]INFO  stepDefinition.SignUpLogInPageStepDef - User is entering user Name and password
22:22:23.835 [pool-3-thread-3]INFO  pageObjectClasses.SignUpLoginPage - Entered User name as :QAAutomationClasses@gmail.com
22:22:23.958 [pool-3-thread-3]INFO  pageObjectClasses.SignUpLoginPage - Entered password is  :QAAutomationClasses
22:22:23.959 [pool-3-thread-3]INFO  stepDefinition.SignUpLogInPageStepDef - user is clicking on Login button
22:22:28.138 [pool-3-thread-3]INFO  pageObjectClasses.SignUpLoginPage - Clicked on login button
22:22:28.140 [pool-3-thread-3]INFO  stepDefinition.UserHomePageStepDef - User is verifying application is navigated to user Home Page
22:22:28.159 [pool-3-thread-3]INFO  pageObjectClasses.UserHomePage - User Home page is displayed
22:22:28.160 [pool-3-thread-3]INFO  stepDefinition.UserHomePageStepDef - User is trying to click on logout link
22:22:29.985 [pool-3-thread-3]INFO  pageObjectClasses.UserHomePage - Clicked on logout link
22:22:30.750 [pool-3-thread-3]INFO  automationUtilities.BrowserFactory - Browser is chrome
22:22:33.194 [pool-3-thread-3]INFO  stepDefinition.OpenLogInPageStepDef - User trying to  navigate to application
22:22:38.529 [pool-3-thread-3]INFO  automationUtilities.BaseSteps - Navigated to application
22:22:38.532 [pool-3-thread-3]INFO  stepDefinition.OpenLogInPageStepDef - User  trying to click on log in link
22:22:40.006 [pool-3-thread-3]INFO  pageObjectClasses.HomePage - Clicked on SignUp Or Login Link
22:22:40.008 [pool-3-thread-3]INFO  stepDefinition.SignUpLogInPageStepDef - Verifying SignUp/Login Page is displayed
22:22:40.020 [pool-3-thread-3]INFO  pageObjectClasses.SignUpLoginPage - SignUp Or Login page is displayed
22:22:40.021 [pool-3-thread-3]INFO  stepDefinition.SignUpLogInPageStepDef - User is entering user Name and password
22:22:40.378 [pool-3-thread-3]INFO  pageObjectClasses.SignUpLoginPage - Entered User name as :QAAutomationClasses1@gmail.com
22:22:40.494 [pool-3-thread-3]INFO  pageObjectClasses.SignUpLoginPage - Entered password is  :QAAutomationClasses1
22:22:40.495 [pool-3-thread-3]INFO  stepDefinition.SignUpLogInPageStepDef - user is clicking on Login button
22:22:41.906 [pool-3-thread-3]INFO  pageObjectClasses.SignUpLoginPage - Clicked on login button
22:22:41.909 [pool-3-thread-3]INFO  stepDefinition.UserHomePageStepDef - User is verifying application is navigated to user Home Page
21:53:02.642 [main]INFO  automationUtilities.BrowserFactory - Browser is chrome
21:53:10.356 [main]INFO  stepDefinition.OpenLogInPageStepDef - User trying to  navigate to application
21:53:45.456 [main]INFO  automationUtilities.BaseSteps - Navigated to application
21:53:45.482 [main]INFO  stepDefinition.OpenLogInPageStepDef - User  trying to click on log in link
21:53:46.700 [main]INFO  pageObjectClasses.HomePage - Clicked on SignUp Or Login Link
21:53:46.702 [main]INFO  stepDefinition.SignUpLogInPageStepDef - Verifying SignUp/Login Page is displayed
21:53:46.715 [main]INFO  pageObjectClasses.SignUpLoginPage - SignUp Or Login page is displayed
21:53:46.727 [main]INFO  stepDefinition.SignUpLogInPageStepDef - User is entering user Name and password
21:53:46.903 [main]INFO  pageObjectClasses.SignUpLoginPage - Entered User name as :testmiuser@gmail.com
21:53:47.133 [main]INFO  pageObjectClasses.SignUpLoginPage - Entered password is  :Testmiuser@01
21:53:47.135 [main]INFO  stepDefinition.SignUpLogInPageStepDef - user is clicking on Login button
21:53:47.307 [main]INFO  pageObjectClasses.SignUpLoginPage - Clicked on login button
21:53:47.309 [main]INFO  stepDefinition.UserHomePageStepDef - User is verifying application is navigated to user Home Page
21:53:50.237 [main]INFO  pageObjectClasses.UserHomePage - User Home page is displayed
21:53:50.238 [main]INFO  stepDefinition.UserHomePageStepDef - User is trying to click on logout link
21:53:51.896 [main]INFO  pageObjectClasses.UserHomePage - Clicked on logout link
21:53:52.696 [main]INFO  automationUtilities.BrowserFactory - Browser is chrome
21:53:55.134 [main]INFO  stepDefinition.OpenLogInPageStepDef - User trying to  navigate to application
21:53:58.065 [main]INFO  automationUtilities.BaseSteps - Navigated to application
21:53:58.066 [main]INFO  stepDefinition.OpenLogInPageStepDef - User  trying to click on log in link
21:53:58.927 [main]INFO  pageObjectClasses.HomePage - Clicked on SignUp Or Login Link
21:53:58.927 [main]INFO  stepDefinition.SignUpLogInPageStepDef - Verifying SignUp/Login Page is displayed
21:53:58.944 [main]INFO  pageObjectClasses.SignUpLoginPage - SignUp Or Login page is displayed
21:53:58.945 [main]INFO  stepDefinition.SignUpLogInPageStepDef - User is entering user Name and password
21:53:59.054 [main]INFO  pageObjectClasses.SignUpLoginPage - Entered User name as :test@gmail.com
21:53:59.219 [main]INFO  pageObjectClasses.SignUpLoginPage - Entered password is  :test@01
21:53:59.221 [main]INFO  stepDefinition.SignUpLogInPageStepDef - user is clicking on Login button
21:54:00.344 [main]INFO  pageObjectClasses.SignUpLoginPage - Clicked on login button
21:54:00.345 [main]INFO  stepDefinition.UserHomePageStepDef - User is verifying application is navigated to user Home Page
21:54:51.209 [main]INFO  automationUtilities.BrowserFactory - Browser is chrome
21:54:54.592 [main]INFO  stepDefinition.OpenLogInPageStepDef - User trying to  navigate to application
21:55:06.438 [main]INFO  automationUtilities.BaseSteps - Navigated to application
21:55:06.461 [main]INFO  stepDefinition.OpenLogInPageStepDef - User  trying to click on log in link
21:55:07.957 [main]INFO  pageObjectClasses.HomePage - Clicked on SignUp Or Login Link
21:55:07.958 [main]INFO  stepDefinition.SignUpLogInPageStepDef - Verifying SignUp/Login Page is displayed
21:55:07.971 [main]INFO  pageObjectClasses.SignUpLoginPage - SignUp Or Login page is displayed
21:55:07.977 [main]INFO  stepDefinition.SignUpLogInPageStepDef - User is entering user Name and password
21:55:08.139 [main]INFO  pageObjectClasses.SignUpLoginPage - Entered User name as :testmiuser@gmail.com
21:55:08.233 [main]INFO  pageObjectClasses.SignUpLoginPage - Entered password is  :Testmiuser@01
21:55:08.234 [main]INFO  stepDefinition.SignUpLogInPageStepDef - user is clicking on Login button
21:55:11.236 [main]INFO  pageObjectClasses.SignUpLoginPage - Clicked on login button
21:55:11.238 [main]INFO  stepDefinition.UserHomePageStepDef - User is verifying application is navigated to user Home Page
21:55:11.247 [main]INFO  pageObjectClasses.UserHomePage - User Home page is displayed
21:55:11.248 [main]INFO  stepDefinition.UserHomePageStepDef - User is trying to click on logout link
21:55:12.706 [main]INFO  pageObjectClasses.UserHomePage - Clicked on logout link
08:49:16.221 [main]INFO  automationUtilities.BrowserFactory - Browser is chrome
08:49:28.693 [main]INFO  stepDefinition.OpenLogInPageStepDef - User trying to  navigate to application
08:49:51.581 [main]INFO  automationUtilities.BaseSteps - Navigated to application
08:49:51.674 [main]INFO  stepDefinition.OpenLogInPageStepDef - User  trying to click on log in link
08:49:53.552 [main]INFO  pageObjectClasses.HomePage - Clicked on SignUp Or Login Link
08:49:53.554 [main]INFO  stepDefinition.SignUpLogInPageStepDef - Verifying SignUp/Login Page is displayed
08:49:53.599 [main]INFO  pageObjectClasses.SignUpLoginPage - SignUp Or Login page is displayed
08:49:53.645 [main]INFO  stepDefinition.SignUpLogInPageStepDef - User is entering user Name and password
08:49:54.715 [main]INFO  pageObjectClasses.SignUpLoginPage - Entered User name as :testmiuser@gmail.com
08:49:54.919 [main]INFO  pageObjectClasses.SignUpLoginPage - Entered password is  :Testmiuser@01
08:49:54.920 [main]INFO  stepDefinition.SignUpLogInPageStepDef - user is clicking on Login button
08:49:57.509 [main]INFO  pageObjectClasses.SignUpLoginPage - Clicked on login button
08:49:57.512 [main]INFO  stepDefinition.UserHomePageStepDef - User is verifying application is navigated to user Home Page
08:49:57.545 [main]INFO  pageObjectClasses.UserHomePage - User Home page is displayed
08:49:59.801 [main]INFO  pageObjectClasses.HomePage - Clicked on Products  Link
08:54:50.226 [main]INFO  automationUtilities.BrowserFactory - Browser is chrome
08:54:55.075 [main]INFO  stepDefinition.OpenLogInPageStepDef - User trying to  navigate to application
08:54:58.050 [main]INFO  automationUtilities.BaseSteps - Navigated to application
08:54:58.097 [main]INFO  stepDefinition.OpenLogInPageStepDef - User  trying to click on log in link
08:54:59.510 [main]INFO  pageObjectClasses.HomePage - Clicked on SignUp Or Login Link
08:54:59.518 [main]INFO  stepDefinition.SignUpLogInPageStepDef - Verifying SignUp/Login Page is displayed
08:54:59.545 [main]INFO  pageObjectClasses.SignUpLoginPage - SignUp Or Login page is displayed
08:54:59.555 [main]INFO  stepDefinition.SignUpLogInPageStepDef - User is entering user Name and password
08:55:00.029 [main]INFO  pageObjectClasses.SignUpLoginPage - Entered User name as :testmiuser@gmail.com
08:55:00.224 [main]INFO  pageObjectClasses.SignUpLoginPage - Entered password is  :Testmiuser@01
08:55:00.224 [main]INFO  stepDefinition.SignUpLogInPageStepDef - user is clicking on Login button
08:55:02.118 [main]INFO  pageObjectClasses.SignUpLoginPage - Clicked on login button
08:55:02.118 [main]INFO  stepDefinition.UserHomePageStepDef - User is verifying application is navigated to user Home Page
08:55:02.143 [main]INFO  pageObjectClasses.UserHomePage - User Home page is displayed
08:55:03.683 [main]INFO  pageObjectClasses.HomePage - Clicked on Products  Link
08:55:03.683 [main]INFO  stepDefinition.PlaceOrderStepDef - Clicked on Products link
08:56:11.435 [main]INFO  automationUtilities.BrowserFactory - Browser is chrome
08:56:16.602 [main]INFO  stepDefinition.OpenLogInPageStepDef - User trying to  navigate to application
08:57:05.675 [main]INFO  automationUtilities.BaseSteps - Navigated to application
08:57:05.748 [main]INFO  stepDefinition.OpenLogInPageStepDef - User  trying to click on log in link
08:57:07.446 [main]INFO  pageObjectClasses.HomePage - Clicked on SignUp Or Login Link
08:57:07.449 [main]INFO  stepDefinition.SignUpLogInPageStepDef - Verifying SignUp/Login Page is displayed
08:57:07.493 [main]INFO  pageObjectClasses.SignUpLoginPage - SignUp Or Login page is displayed
08:57:07.512 [main]INFO  stepDefinition.SignUpLogInPageStepDef - User is entering user Name and password
08:57:08.259 [main]INFO  pageObjectClasses.SignUpLoginPage - Entered User name as :testmiuser@gmail.com
08:57:08.473 [main]INFO  pageObjectClasses.SignUpLoginPage - Entered password is  :Testmiuser@01
08:57:08.475 [main]INFO  stepDefinition.SignUpLogInPageStepDef - user is clicking on Login button
08:57:12.537 [main]INFO  pageObjectClasses.SignUpLoginPage - Clicked on login button
08:57:12.539 [main]INFO  stepDefinition.UserHomePageStepDef - User is verifying application is navigated to user Home Page
08:57:12.558 [main]INFO  pageObjectClasses.UserHomePage - User Home page is displayed
08:57:16.379 [main]INFO  pageObjectClasses.HomePage - Clicked on Products  Link
08:57:16.380 [main]INFO  stepDefinition.PlaceOrderStepDef - Clicked on Products link
08:57:16.546 [main]INFO  pageObjectClasses.ProductsPage - Entered search item as :Blue top
08:57:16.546 [main]INFO  stepDefinition.PlaceOrderStepDef - User searched product is:Blue top
08:57:18.016 [main]INFO  pageObjectClasses.ProductsPage - Clicked on Search button
08:57:18.016 [main]INFO  stepDefinition.PlaceOrderStepDef - User clicked on search button
09:06:46.989 [main]INFO  automationUtilities.BrowserFactory - Browser is chrome
09:06:55.311 [main]INFO  stepDefinition.OpenLogInPageStepDef - User trying to  navigate to application
09:07:23.749 [main]INFO  automationUtilities.BaseSteps - Navigated to application
09:07:23.814 [main]INFO  stepDefinition.OpenLogInPageStepDef - User  trying to click on log in link
09:07:27.213 [main]INFO  pageObjectClasses.HomePage - Clicked on SignUp Or Login Link
09:07:27.214 [main]INFO  stepDefinition.SignUpLogInPageStepDef - Verifying SignUp/Login Page is displayed
09:07:27.242 [main]INFO  pageObjectClasses.SignUpLoginPage - SignUp Or Login page is displayed
09:07:27.260 [main]INFO  stepDefinition.SignUpLogInPageStepDef - User is entering user Name and password
09:07:27.597 [main]INFO  pageObjectClasses.SignUpLoginPage - Entered User name as :testmiuser@gmail.com
09:07:27.819 [main]INFO  pageObjectClasses.SignUpLoginPage - Entered password is  :Testmiuser@01
09:07:27.820 [main]INFO  stepDefinition.SignUpLogInPageStepDef - user is clicking on Login button
09:07:30.439 [main]INFO  pageObjectClasses.SignUpLoginPage - Clicked on login button
09:07:30.441 [main]INFO  stepDefinition.UserHomePageStepDef - User is verifying application is navigated to user Home Page
09:07:30.463 [main]INFO  pageObjectClasses.UserHomePage - User Home page is displayed
09:07:32.706 [main]INFO  pageObjectClasses.HomePage - Clicked on Products  Link
09:07:32.707 [main]INFO  stepDefinition.PlaceOrderStepDef - Clicked on Products link
09:07:32.971 [main]INFO  pageObjectClasses.ProductsSearchPage - Entered search item as :Blue top
09:07:32.971 [main]INFO  stepDefinition.PlaceOrderStepDef - User searched product is:Blue top
09:07:35.238 [main]INFO  pageObjectClasses.ProductsSearchPage - Clicked on Search button
09:07:35.238 [main]INFO  stepDefinition.PlaceOrderStepDef - User clicked on search button
09:21:46.575 [main]INFO  automationUtilities.BrowserFactory - Browser is chrome
09:21:51.676 [main]INFO  stepDefinition.OpenLogInPageStepDef - User trying to  navigate to application
09:21:55.613 [main]INFO  automationUtilities.BaseSteps - Navigated to application
09:21:55.658 [main]INFO  stepDefinition.OpenLogInPageStepDef - User  trying to click on log in link
09:21:57.284 [main]INFO  pageObjectClasses.HomePage - Clicked on SignUp Or Login Link
09:21:57.285 [main]INFO  stepDefinition.SignUpLogInPageStepDef - Verifying SignUp/Login Page is displayed
09:21:57.311 [main]INFO  pageObjectClasses.SignUpLoginPage - SignUp Or Login page is displayed
09:21:57.320 [main]INFO  stepDefinition.SignUpLogInPageStepDef - User is entering user Name and password
09:21:57.750 [main]INFO  pageObjectClasses.SignUpLoginPage - Entered User name as :testmiuser@gmail.com
09:21:57.913 [main]INFO  pageObjectClasses.SignUpLoginPage - Entered password is  :Testmiuser@01
09:21:57.914 [main]INFO  stepDefinition.SignUpLogInPageStepDef - user is clicking on Login button
09:21:59.719 [main]INFO  pageObjectClasses.SignUpLoginPage - Clicked on login button
09:21:59.721 [main]INFO  stepDefinition.UserHomePageStepDef - User is verifying application is navigated to user Home Page
09:21:59.743 [main]INFO  pageObjectClasses.UserHomePage - User Home page is displayed
09:22:01.279 [main]INFO  pageObjectClasses.HomePage - Use Clicked on Products  Link successfully
09:22:01.279 [main]INFO  stepDefinition.PlaceOrderStepDef - User clicks on Products Link
09:22:01.579 [main]INFO  pageObjectClasses.ProductsSearchPage - Entered search item is :Blue top
09:22:01.579 [main]INFO  stepDefinition.PlaceOrderStepDef - User enters the search item
09:22:02.940 [main]INFO  pageObjectClasses.ProductsSearchPage - User Clicked on Search button successfully
09:22:02.940 [main]INFO  stepDefinition.PlaceOrderStepDef - User clicks on search button
09:22:04.495 [main]INFO  pageObjectClasses.ProductsSearchPage - Clicked on view Product button successfully
09:22:04.498 [main]INFO  stepDefinition.PlaceOrderStepDef - User clicks on view product button from search result
09:23:16.231 [main]INFO  automationUtilities.BrowserFactory - Browser is chrome
09:23:21.084 [main]INFO  stepDefinition.OpenLogInPageStepDef - User trying to  navigate to application
09:23:31.877 [main]INFO  automationUtilities.BaseSteps - Navigated to application
09:23:31.921 [main]INFO  stepDefinition.OpenLogInPageStepDef - User  trying to click on log in link
09:23:33.747 [main]INFO  pageObjectClasses.HomePage - Clicked on SignUp Or Login Link
09:23:33.747 [main]INFO  stepDefinition.SignUpLogInPageStepDef - Verifying SignUp/Login Page is displayed
09:23:33.781 [main]INFO  pageObjectClasses.SignUpLoginPage - SignUp Or Login page is displayed
09:23:33.792 [main]INFO  stepDefinition.SignUpLogInPageStepDef - User is entering user Name and password
09:23:34.341 [main]INFO  pageObjectClasses.SignUpLoginPage - Entered User name as :testmiuser@gmail.com
09:23:34.518 [main]INFO  pageObjectClasses.SignUpLoginPage - Entered password is  :Testmiuser@01
09:23:34.519 [main]INFO  stepDefinition.SignUpLogInPageStepDef - user is clicking on Login button
09:23:37.317 [main]INFO  pageObjectClasses.SignUpLoginPage - Clicked on login button
09:23:37.320 [main]INFO  stepDefinition.UserHomePageStepDef - User is verifying application is navigated to user Home Page
09:23:37.345 [main]INFO  pageObjectClasses.UserHomePage - User Home page is displayed
09:23:39.520 [main]INFO  pageObjectClasses.HomePage - Use Clicked on Products  Link successfully
09:23:39.520 [main]INFO  stepDefinition.PlaceOrderStepDef - User clicks on Products Link
09:23:39.721 [main]INFO  pageObjectClasses.ProductsSearchPage - Entered search item is :Blue top
09:23:39.721 [main]INFO  stepDefinition.PlaceOrderStepDef - User enters the search item
09:23:41.223 [main]INFO  pageObjectClasses.ProductsSearchPage - User Clicked on Search button successfully
09:23:41.223 [main]INFO  stepDefinition.PlaceOrderStepDef - User clicks on search button
09:23:42.865 [main]INFO  pageObjectClasses.ProductsSearchPage - Clicked on view Product button successfully
09:23:42.865 [main]INFO  stepDefinition.PlaceOrderStepDef - User clicks on view product button from search result
09:23:42.887 [main]INFO  pageObjectClasses.ProductDetailsPage - Products Details page is displayed
09:23:42.887 [main]INFO  stepDefinition.PlaceOrderStepDef - Verify user is in Product Details Page
09:23:43.221 [main]INFO  pageObjectClasses.ProductDetailsPage - Clicked on add To Cart button successfully
09:23:43.221 [main]INFO  stepDefinition.PlaceOrderStepDef - User clicks on Add To Cart Button
09:33:21.700 [main]INFO  automationUtilities.BrowserFactory - Browser is chrome
09:33:26.450 [main]INFO  stepDefinition.OpenLogInPageStepDef - User trying to  navigate to application
09:34:06.180 [main]INFO  automationUtilities.BaseSteps - Navigated to application
09:34:06.262 [main]INFO  stepDefinition.OpenLogInPageStepDef - User  trying to click on log in link
09:34:13.655 [main]INFO  pageObjectClasses.HomePage - Clicked on SignUp Or Login Link
09:34:13.656 [main]INFO  stepDefinition.SignUpLogInPageStepDef - Verifying SignUp/Login Page is displayed
09:34:13.685 [main]INFO  pageObjectClasses.SignUpLoginPage - SignUp Or Login page is displayed
09:34:13.698 [main]INFO  stepDefinition.SignUpLogInPageStepDef - User is entering user Name and password
09:34:14.031 [main]INFO  pageObjectClasses.SignUpLoginPage - Entered User name as :testmiuser@gmail.com
09:34:14.820 [main]INFO  pageObjectClasses.SignUpLoginPage - Entered password is  :Testmiuser@01
09:34:14.823 [main]INFO  stepDefinition.SignUpLogInPageStepDef - user is clicking on Login button
09:34:18.049 [main]INFO  pageObjectClasses.SignUpLoginPage - Clicked on login button
09:34:18.053 [main]INFO  stepDefinition.UserHomePageStepDef - User is verifying application is navigated to user Home Page
09:34:18.080 [main]INFO  pageObjectClasses.UserHomePage - User Home page is displayed
09:34:23.852 [main]INFO  pageObjectClasses.HomePage - Use Clicked on Products  Link successfully
09:34:23.854 [main]INFO  stepDefinition.PlaceOrderStepDef - User clicks on Products Link
09:34:24.145 [main]INFO  pageObjectClasses.ProductsSearchPage - Entered search item is :Blue top
09:34:24.145 [main]INFO  stepDefinition.PlaceOrderStepDef - User enters the search item
09:34:26.664 [main]INFO  pageObjectClasses.ProductsSearchPage - User Clicked on Search button successfully
09:34:26.664 [main]INFO  stepDefinition.PlaceOrderStepDef - User clicks on search button
09:34:28.619 [main]INFO  pageObjectClasses.ProductsSearchPage - Clicked on view Product button successfully
09:34:28.619 [main]INFO  stepDefinition.PlaceOrderStepDef - User clicks on view product button from search result
09:34:28.629 [main]INFO  pageObjectClasses.ProductDetailsPage - Products Details page is displayed
09:34:28.633 [main]INFO  stepDefinition.PlaceOrderStepDef - Verify user is in Product Details Page
09:34:28.749 [main]INFO  pageObjectClasses.ProductDetailsPage - Clicked on add To Cart button successfully
09:34:28.749 [main]INFO  stepDefinition.PlaceOrderStepDef - User clicks on Add To Cart Button
09:34:29.536 [main]INFO  pageObjectClasses.ProductDetailsPage - Clicked on continue shopping button successfully
09:34:29.536 [main]INFO  stepDefinition.PlaceOrderStepDef - User clicks on Continue Shopping Button
09:54:15.225 [main]INFO  automationUtilities.BrowserFactory - Browser is chrome
09:54:18.654 [main]INFO  stepDefinition.OpenLogInPageStepDef - User trying to  navigate to application
09:54:21.586 [main]INFO  automationUtilities.BaseSteps - Navigated to application
09:54:21.602 [main]INFO  stepDefinition.OpenLogInPageStepDef - User  trying to click on log in link
09:54:22.810 [main]INFO  pageObjectClasses.HomePage - Clicked on SignUp Or Login Link
09:54:22.810 [main]INFO  stepDefinition.SignUpLogInPageStepDef - Verifying SignUp/Login Page is displayed
09:54:22.823 [main]INFO  pageObjectClasses.SignUpLoginPage - SignUp Or Login page is displayed
09:54:22.828 [main]INFO  stepDefinition.SignUpLogInPageStepDef - User is entering user Name and password
09:54:22.896 [main]INFO  pageObjectClasses.SignUpLoginPage - Entered User name as :testmiuser@gmail.com
09:54:22.949 [main]INFO  pageObjectClasses.SignUpLoginPage - Entered password is  :Testmiuser@01
09:54:22.950 [main]INFO  stepDefinition.SignUpLogInPageStepDef - user is clicking on Login button
09:54:25.221 [main]INFO  pageObjectClasses.SignUpLoginPage - Clicked on login button
09:54:25.222 [main]INFO  stepDefinition.UserHomePageStepDef - User is verifying application is navigated to user Home Page
09:54:25.234 [main]INFO  pageObjectClasses.UserHomePage - User Home page is displayed
09:54:27.275 [main]INFO  pageObjectClasses.HomePage - Use Clicked on Products  Link successfully
09:54:27.283 [main]INFO  stepDefinition.PlaceOrderStepDef - User clicks on Products Link
09:54:27.363 [main]INFO  pageObjectClasses.ProductsSearchPage - Entered search item is :Blue top
09:54:27.363 [main]INFO  stepDefinition.PlaceOrderStepDef - User enters the search item
09:54:28.488 [main]INFO  pageObjectClasses.ProductsSearchPage - User Clicked on Search button successfully
09:54:28.488 [main]INFO  stepDefinition.PlaceOrderStepDef - User clicks on search button
09:54:29.755 [main]INFO  pageObjectClasses.ProductsSearchPage - Clicked on view Product button successfully
09:54:29.755 [main]INFO  stepDefinition.PlaceOrderStepDef - User clicks on view product button from search result
09:54:29.767 [main]INFO  pageObjectClasses.ProductDetailsPage - Products Details page is displayed
09:54:29.768 [main]INFO  stepDefinition.PlaceOrderStepDef - Verify user is in Product Details Page
09:54:29.868 [main]INFO  pageObjectClasses.ProductDetailsPage - Clicked on add To Cart button successfully
09:54:29.868 [main]INFO  stepDefinition.PlaceOrderStepDef - User clicks on Add To Cart Button
09:54:30.204 [main]INFO  pageObjectClasses.ProductDetailsPage - Clicked on continue shopping button successfully
09:54:30.204 [main]INFO  stepDefinition.PlaceOrderStepDef - User clicks on Continue Shopping Button
09:54:30.204 [main]INFO  stepDefinition.PlaceOrderStepDef - user clicks on cart link
09:54:31.757 [main]INFO  pageObjectClasses.ProductDetailsPage - Clicked on View Cart Link successfully
09:54:31.757 [main]INFO  stepDefinition.PlaceOrderStepDef - user verifies the application is in View Cart page
09:54:31.771 [main]INFO  pageObjectClasses.ViewCartPage - View Cart page is displayed
09:54:31.820 [main]INFO  pageObjectClasses.ViewCartPage - Added item is present in cart
10:08:24.736 [main]INFO  automationUtilities.BrowserFactory - Browser is chrome
10:08:28.667 [main]INFO  stepDefinition.OpenLogInPageStepDef - User trying to  navigate to application
10:08:33.223 [main]INFO  automationUtilities.BaseSteps - Navigated to application
10:08:33.239 [main]INFO  stepDefinition.OpenLogInPageStepDef - User  trying to click on log in link
10:08:34.678 [main]INFO  pageObjectClasses.HomePage - Clicked on SignUp Or Login Link
10:08:34.678 [main]INFO  stepDefinition.SignUpLogInPageStepDef - Verifying SignUp/Login Page is displayed
10:08:34.701 [main]INFO  pageObjectClasses.SignUpLoginPage - SignUp Or Login page is displayed
10:08:34.710 [main]INFO  stepDefinition.SignUpLogInPageStepDef - User is entering user Name and password
10:08:34.959 [main]INFO  pageObjectClasses.SignUpLoginPage - Entered User name as :testmiuser@gmail.com
10:08:35.027 [main]INFO  pageObjectClasses.SignUpLoginPage - Entered password is  :Testmiuser@01
10:08:35.027 [main]INFO  stepDefinition.SignUpLogInPageStepDef - user is clicking on Login button
10:08:35.097 [main]INFO  pageObjectClasses.SignUpLoginPage - Clicked on login button
10:08:35.098 [main]INFO  stepDefinition.UserHomePageStepDef - User is verifying application is navigated to user Home Page
10:08:36.819 [main]INFO  pageObjectClasses.UserHomePage - User Home page is displayed
10:08:38.426 [main]INFO  pageObjectClasses.HomePage - Use Clicked on Products  Link successfully
10:08:38.426 [main]INFO  stepDefinition.PlaceOrderStepDef - User clicks on Products Link
10:08:38.498 [main]INFO  pageObjectClasses.ProductsSearchPage - Entered search item is :Blue top
10:08:38.498 [main]INFO  stepDefinition.PlaceOrderStepDef - User enters the search item
10:08:39.725 [main]INFO  pageObjectClasses.ProductsSearchPage - User Clicked on Search button successfully
10:08:39.725 [main]INFO  stepDefinition.PlaceOrderStepDef - User clicks on search button
10:08:40.905 [main]INFO  pageObjectClasses.ProductsSearchPage - Clicked on view Product button successfully
10:08:40.905 [main]INFO  stepDefinition.PlaceOrderStepDef - User clicks on view product button from search result
10:08:40.918 [main]INFO  pageObjectClasses.ProductDetailsPage - Products Details page is displayed
10:08:40.918 [main]INFO  stepDefinition.PlaceOrderStepDef - Verify user is in Product Details Page
10:08:41.056 [main]INFO  pageObjectClasses.ProductDetailsPage - Clicked on add To Cart button successfully
10:08:41.056 [main]INFO  stepDefinition.PlaceOrderStepDef - User clicks on Add To Cart Button
10:08:41.559 [main]INFO  pageObjectClasses.ProductDetailsPage - Clicked on continue shopping button successfully
10:08:41.559 [main]INFO  stepDefinition.PlaceOrderStepDef - User clicks on Continue Shopping Button
10:08:41.559 [main]INFO  stepDefinition.PlaceOrderStepDef - user clicks on cart link
10:08:43.124 [main]INFO  pageObjectClasses.ProductDetailsPage - Clicked on View Cart Link successfully
10:08:43.124 [main]INFO  stepDefinition.PlaceOrderStepDef - user verifies the application is in View Cart page
10:08:43.143 [main]INFO  pageObjectClasses.ViewCartPage - View Cart page is displayed
10:08:43.185 [main]INFO  pageObjectClasses.ViewCartPage - Added item is present in cart
10:08:43.216 [main]INFO  pageObjectClasses.CheckoutPage - Check Out page is displayed
10:13:00.896 [main]INFO  automationUtilities.BrowserFactory - Browser is chrome
10:13:03.237 [main]INFO  stepDefinition.OpenLogInPageStepDef - User trying to  navigate to application
10:13:06.444 [main]INFO  automationUtilities.BaseSteps - Navigated to application
10:13:06.459 [main]INFO  stepDefinition.OpenLogInPageStepDef - User  trying to click on log in link
10:13:07.603 [main]INFO  pageObjectClasses.HomePage - Clicked on SignUp Or Login Link
10:13:07.604 [main]INFO  stepDefinition.SignUpLogInPageStepDef - Verifying SignUp/Login Page is displayed
10:13:07.615 [main]INFO  pageObjectClasses.SignUpLoginPage - SignUp Or Login page is displayed
10:13:07.620 [main]INFO  stepDefinition.SignUpLogInPageStepDef - User is entering user Name and password
10:13:07.685 [main]INFO  pageObjectClasses.SignUpLoginPage - Entered User name as :testmiuser@gmail.com
10:13:07.804 [main]INFO  pageObjectClasses.SignUpLoginPage - Entered password is  :Testmiuser@01
10:13:07.806 [main]INFO  stepDefinition.SignUpLogInPageStepDef - user is clicking on Login button
10:13:07.910 [main]INFO  pageObjectClasses.SignUpLoginPage - Clicked on login button
10:13:07.914 [main]INFO  stepDefinition.UserHomePageStepDef - User is verifying application is navigated to user Home Page
10:13:09.605 [main]INFO  pageObjectClasses.UserHomePage - User Home page is displayed
10:13:11.307 [main]INFO  pageObjectClasses.HomePage - Use Clicked on Products  Link successfully
10:13:11.307 [main]INFO  stepDefinition.PlaceOrderStepDef - User clicks on Products Link
10:13:11.406 [main]INFO  pageObjectClasses.ProductsSearchPage - Entered search item is :Blue top
10:13:11.406 [main]INFO  stepDefinition.PlaceOrderStepDef - User enters the search item
10:13:12.704 [main]INFO  pageObjectClasses.ProductsSearchPage - User Clicked on Search button successfully
10:13:12.705 [main]INFO  stepDefinition.PlaceOrderStepDef - User clicks on search button
10:13:13.978 [main]INFO  pageObjectClasses.ProductsSearchPage - Clicked on view Product button successfully
10:13:13.978 [main]INFO  stepDefinition.PlaceOrderStepDef - User clicks on view product button from search result
10:13:13.993 [main]INFO  pageObjectClasses.ProductDetailsPage - Products Details page is displayed
10:13:13.993 [main]INFO  stepDefinition.PlaceOrderStepDef - Verify user is in Product Details Page
10:13:14.064 [main]INFO  pageObjectClasses.ProductDetailsPage - Clicked on add To Cart button successfully
10:13:14.064 [main]INFO  stepDefinition.PlaceOrderStepDef - User clicks on Add To Cart Button
10:13:14.532 [main]INFO  pageObjectClasses.ProductDetailsPage - Clicked on continue shopping button successfully
10:13:14.532 [main]INFO  stepDefinition.PlaceOrderStepDef - User clicks on Continue Shopping Button
10:13:14.533 [main]INFO  stepDefinition.PlaceOrderStepDef - user clicks on cart link
10:13:15.665 [main]INFO  pageObjectClasses.ProductDetailsPage - Clicked on View Cart Link successfully
10:13:15.665 [main]INFO  stepDefinition.PlaceOrderStepDef - user verifies the application is in View Cart page
10:13:15.678 [main]INFO  pageObjectClasses.ViewCartPage - View Cart page is displayed
10:13:15.711 [main]INFO  pageObjectClasses.ViewCartPage - Added item is present in cart
10:13:15.725 [main]INFO  pageObjectClasses.CheckoutPage - Check Out page is displayed
10:13:17.472 [main]INFO  pageObjectClasses.CheckoutPage - Clicked on Place Order button
10:35:41.701 [main]INFO  automationUtilities.BrowserFactory - Browser is chrome
10:35:44.272 [main]INFO  stepDefinition.OpenLogInPageStepDef - User trying to  navigate to application
10:35:47.079 [main]INFO  automationUtilities.BaseSteps - Navigated to application
10:35:47.097 [main]INFO  stepDefinition.OpenLogInPageStepDef - User  trying to click on log in link
10:35:48.278 [main]INFO  pageObjectClasses.HomePage - Clicked on SignUp Or Login Link
10:35:48.279 [main]INFO  stepDefinition.SignUpLogInPageStepDef - Verifying SignUp/Login Page is displayed
10:35:48.289 [main]INFO  pageObjectClasses.SignUpLoginPage - SignUp Or Login page is displayed
10:35:48.294 [main]INFO  stepDefinition.SignUpLogInPageStepDef - User is entering user Name and password
10:35:48.358 [main]INFO  pageObjectClasses.SignUpLoginPage - Entered User name as :testmiuser@gmail.com
10:35:48.409 [main]INFO  pageObjectClasses.SignUpLoginPage - Entered password is  :Testmiuser@01
10:35:48.409 [main]INFO  stepDefinition.SignUpLogInPageStepDef - user is clicking on Login button
10:35:48.503 [main]INFO  pageObjectClasses.SignUpLoginPage - Clicked on login button
10:35:48.505 [main]INFO  stepDefinition.UserHomePageStepDef - User is verifying application is navigated to user Home Page
10:35:50.121 [main]INFO  pageObjectClasses.UserHomePage - User Home page is displayed
10:35:51.373 [main]INFO  pageObjectClasses.HomePage - Use Clicked on Products  Link successfully
10:35:51.373 [main]INFO  stepDefinition.PlaceOrderStepDef - User clicks on Products Link
10:35:51.448 [main]INFO  pageObjectClasses.ProductsSearchPage - Entered search item is :Blue top
10:35:51.448 [main]INFO  stepDefinition.PlaceOrderStepDef - User enters the search item
10:35:52.631 [main]INFO  pageObjectClasses.ProductsSearchPage - User Clicked on Search button successfully
10:35:52.631 [main]INFO  stepDefinition.PlaceOrderStepDef - User clicks on search button
10:35:53.823 [main]INFO  pageObjectClasses.ProductsSearchPage - Clicked on view Product button successfully
10:35:53.823 [main]INFO  stepDefinition.PlaceOrderStepDef - User clicks on view product button from search result
10:35:53.839 [main]INFO  pageObjectClasses.ProductDetailsPage - Products Details page is displayed
10:35:53.839 [main]INFO  stepDefinition.PlaceOrderStepDef - Verify user is in Product Details Page
10:35:53.913 [main]INFO  pageObjectClasses.ProductDetailsPage - Clicked on add To Cart button successfully
10:35:53.913 [main]INFO  stepDefinition.PlaceOrderStepDef - User clicks on Add To Cart Button
10:35:54.284 [main]INFO  pageObjectClasses.ProductDetailsPage - Clicked on continue shopping button successfully
10:35:54.284 [main]INFO  stepDefinition.PlaceOrderStepDef - User clicks on Continue Shopping Button
10:35:54.285 [main]INFO  stepDefinition.PlaceOrderStepDef - user clicks on cart link
10:35:55.446 [main]INFO  pageObjectClasses.ProductDetailsPage - Clicked on View Cart Link successfully
10:35:55.446 [main]INFO  stepDefinition.PlaceOrderStepDef - user verifies the application is in View Cart page
10:35:55.461 [main]INFO  pageObjectClasses.ViewCartPage - View Cart page is displayed
10:35:55.495 [main]INFO  pageObjectClasses.ViewCartPage - Added item is present in cart
10:35:55.506 [main]INFO  pageObjectClasses.CheckoutPage - Check Out page is displayed
10:35:56.686 [main]INFO  pageObjectClasses.CheckoutPage - Clicked on Place Order button
10:35:56.703 [main]INFO  pageObjectClasses.PaymentPage - Payment page is not displayed
10:42:55.397 [main]INFO  automationUtilities.BrowserFactory - Browser is chrome
10:43:00.795 [main]INFO  stepDefinition.OpenLogInPageStepDef - User trying to  navigate to application
10:43:04.126 [main]INFO  automationUtilities.BaseSteps - Navigated to application
10:43:04.164 [main]INFO  stepDefinition.OpenLogInPageStepDef - User  trying to click on log in link
10:43:05.786 [main]INFO  pageObjectClasses.HomePage - Clicked on SignUp Or Login Link
10:43:05.792 [main]INFO  stepDefinition.SignUpLogInPageStepDef - Verifying SignUp/Login Page is displayed
10:43:05.816 [main]INFO  pageObjectClasses.SignUpLoginPage - SignUp Or Login page is displayed
10:43:05.824 [main]INFO  stepDefinition.SignUpLogInPageStepDef - User is entering user Name and password
10:43:06.269 [main]INFO  pageObjectClasses.SignUpLoginPage - Entered User name as :testmiuser@gmail.com
10:43:06.473 [main]INFO  pageObjectClasses.SignUpLoginPage - Entered password is  :Testmiuser@01
10:43:06.473 [main]INFO  stepDefinition.SignUpLogInPageStepDef - user is clicking on Login button
10:43:08.362 [main]INFO  pageObjectClasses.SignUpLoginPage - Clicked on login button
10:43:08.364 [main]INFO  stepDefinition.UserHomePageStepDef - User is verifying application is navigated to user Home Page
10:43:08.389 [main]INFO  pageObjectClasses.UserHomePage - User Home page is displayed
10:43:10.103 [main]INFO  pageObjectClasses.HomePage - Use Clicked on Products  Link successfully
10:43:10.103 [main]INFO  stepDefinition.PlaceOrderStepDef - User clicks on Products Link
10:43:10.395 [main]INFO  pageObjectClasses.ProductsSearchPage - Entered search item is :Blue top
10:43:10.397 [main]INFO  stepDefinition.PlaceOrderStepDef - User enters the search item
10:43:11.808 [main]INFO  pageObjectClasses.ProductsSearchPage - User Clicked on Search button successfully
10:43:11.808 [main]INFO  stepDefinition.PlaceOrderStepDef - User clicks on search button
10:43:13.592 [main]INFO  pageObjectClasses.ProductsSearchPage - Clicked on view Product button successfully
10:43:13.592 [main]INFO  stepDefinition.PlaceOrderStepDef - User clicks on view product button from search result
10:43:13.616 [main]INFO  pageObjectClasses.ProductDetailsPage - Products Details page is displayed
10:43:13.616 [main]INFO  stepDefinition.PlaceOrderStepDef - Verify user is in Product Details Page
10:43:13.842 [main]INFO  pageObjectClasses.ProductDetailsPage - Clicked on add To Cart button successfully
10:43:13.842 [main]INFO  stepDefinition.PlaceOrderStepDef - User clicks on Add To Cart Button
10:43:14.246 [main]INFO  pageObjectClasses.ProductDetailsPage - Clicked on continue shopping button successfully
10:43:14.246 [main]INFO  stepDefinition.PlaceOrderStepDef - User clicks on Continue Shopping Button
10:43:14.248 [main]INFO  stepDefinition.PlaceOrderStepDef - user clicks on cart link
10:43:15.811 [main]INFO  pageObjectClasses.ProductDetailsPage - Clicked on View Cart Link successfully
10:43:15.811 [main]INFO  stepDefinition.PlaceOrderStepDef - user verifies the application is in View Cart page
10:43:15.840 [main]INFO  pageObjectClasses.ViewCartPage - View Cart page is displayed
10:43:15.904 [main]INFO  pageObjectClasses.ViewCartPage - Added item is present in cart
10:43:15.927 [main]INFO  pageObjectClasses.CheckoutPage - Check Out page is displayed
10:43:17.486 [main]INFO  pageObjectClasses.CheckoutPage - Clicked on Place Order button
10:43:17.508 [main]INFO  pageObjectClasses.PaymentPage - Payment page is not displayed
10:44:32.663 [main]INFO  automationUtilities.BrowserFactory - Browser is chrome
10:44:37.321 [main]INFO  stepDefinition.OpenLogInPageStepDef - User trying to  navigate to application
10:44:41.624 [main]INFO  automationUtilities.BaseSteps - Navigated to application
10:44:41.710 [main]INFO  stepDefinition.OpenLogInPageStepDef - User  trying to click on log in link
10:44:44.753 [main]INFO  pageObjectClasses.HomePage - Clicked on SignUp Or Login Link
10:44:44.755 [main]INFO  stepDefinition.SignUpLogInPageStepDef - Verifying SignUp/Login Page is displayed
10:44:44.786 [main]INFO  pageObjectClasses.SignUpLoginPage - SignUp Or Login page is displayed
10:44:44.797 [main]INFO  stepDefinition.SignUpLogInPageStepDef - User is entering user Name and password
10:44:45.064 [main]INFO  pageObjectClasses.SignUpLoginPage - Entered User name as :testmiuser@gmail.com
10:44:45.270 [main]INFO  pageObjectClasses.SignUpLoginPage - Entered password is  :Testmiuser@01
10:44:45.272 [main]INFO  stepDefinition.SignUpLogInPageStepDef - user is clicking on Login button
10:44:45.790 [main]INFO  pageObjectClasses.SignUpLoginPage - Clicked on login button
10:44:45.794 [main]INFO  stepDefinition.UserHomePageStepDef - User is verifying application is navigated to user Home Page
10:44:51.013 [main]INFO  pageObjectClasses.UserHomePage - User Home page is displayed
10:44:54.229 [main]INFO  pageObjectClasses.HomePage - Use Clicked on Products  Link successfully
10:44:54.231 [main]INFO  stepDefinition.PlaceOrderStepDef - User clicks on Products Link
10:44:54.513 [main]INFO  pageObjectClasses.ProductsSearchPage - Entered search item is :Blue top
10:44:54.513 [main]INFO  stepDefinition.PlaceOrderStepDef - User enters the search item
10:44:57.769 [main]INFO  pageObjectClasses.ProductsSearchPage - User Clicked on Search button successfully
10:44:57.769 [main]INFO  stepDefinition.PlaceOrderStepDef - User clicks on search button
10:44:59.682 [main]INFO  pageObjectClasses.ProductsSearchPage - Clicked on view Product button successfully
10:44:59.682 [main]INFO  stepDefinition.PlaceOrderStepDef - User clicks on view product button from search result
10:44:59.705 [main]INFO  pageObjectClasses.ProductDetailsPage - Products Details page is displayed
10:44:59.709 [main]INFO  stepDefinition.PlaceOrderStepDef - Verify user is in Product Details Page
10:44:59.914 [main]INFO  pageObjectClasses.ProductDetailsPage - Clicked on add To Cart button successfully
10:44:59.914 [main]INFO  stepDefinition.PlaceOrderStepDef - User clicks on Add To Cart Button
10:45:01.221 [main]INFO  pageObjectClasses.ProductDetailsPage - Clicked on continue shopping button successfully
10:45:01.221 [main]INFO  stepDefinition.PlaceOrderStepDef - User clicks on Continue Shopping Button
10:45:01.221 [main]INFO  stepDefinition.PlaceOrderStepDef - user clicks on cart link
10:45:02.557 [main]INFO  pageObjectClasses.ProductDetailsPage - Clicked on View Cart Link successfully
10:45:02.565 [main]INFO  stepDefinition.PlaceOrderStepDef - user verifies the application is in View Cart page
10:45:02.585 [main]INFO  pageObjectClasses.ViewCartPage - View Cart page is displayed
10:45:02.651 [main]INFO  pageObjectClasses.ViewCartPage - Added item is present in cart
10:45:02.691 [main]INFO  pageObjectClasses.CheckoutPage - Check Out page is displayed
10:45:04.513 [main]INFO  pageObjectClasses.CheckoutPage - Clicked on Place Order button
10:45:04.534 [main]INFO  pageObjectClasses.PaymentPage - Payment page is not displayed
10:45:16.198 [main]INFO  pageObjectClasses.PaymentPage - Payment Details are entered
10:45:22.246 [main]INFO  pageObjectClasses.PaymentPage - Successfully clicked on Pay and Confirm Order
10:45:22.268 [main]INFO  pageObjectClasses.OrderConfirmationPage - Order confirmation page is displayed
10:46:56.088 [main]INFO  automationUtilities.BrowserFactory - Browser is chrome
10:47:04.702 [main]INFO  stepDefinition.OpenLogInPageStepDef - User trying to  navigate to application
10:47:08.953 [main]INFO  automationUtilities.BaseSteps - Navigated to application
10:47:09.038 [main]INFO  stepDefinition.OpenLogInPageStepDef - User  trying to click on log in link
10:47:11.131 [main]INFO  pageObjectClasses.HomePage - Clicked on SignUp Or Login Link
10:47:11.133 [main]INFO  stepDefinition.SignUpLogInPageStepDef - Verifying SignUp/Login Page is displayed
10:47:11.167 [main]INFO  pageObjectClasses.SignUpLoginPage - SignUp Or Login page is displayed
10:47:11.175 [main]INFO  stepDefinition.SignUpLogInPageStepDef - User is entering user Name and password
10:47:11.621 [main]INFO  pageObjectClasses.SignUpLoginPage - Entered User name as :testmiuser@gmail.com
10:47:11.829 [main]INFO  pageObjectClasses.SignUpLoginPage - Entered password is  :Testmiuser@01
10:47:11.830 [main]INFO  stepDefinition.SignUpLogInPageStepDef - user is clicking on Login button
10:47:11.982 [main]INFO  pageObjectClasses.SignUpLoginPage - Clicked on login button
10:47:11.984 [main]INFO  stepDefinition.UserHomePageStepDef - User is verifying application is navigated to user Home Page
10:47:13.865 [main]INFO  pageObjectClasses.UserHomePage - User Home page is displayed
10:47:15.850 [main]INFO  pageObjectClasses.HomePage - Use Clicked on Products  Link successfully
10:47:15.850 [main]INFO  stepDefinition.PlaceOrderStepDef - User clicks on Products Link
10:47:16.120 [main]INFO  pageObjectClasses.ProductsSearchPage - Entered search item is :Blue top
10:47:16.121 [main]INFO  stepDefinition.PlaceOrderStepDef - User enters the search item
10:47:17.593 [main]INFO  pageObjectClasses.ProductsSearchPage - User Clicked on Search button successfully
10:47:17.593 [main]INFO  stepDefinition.PlaceOrderStepDef - User clicks on search button
10:47:19.088 [main]INFO  pageObjectClasses.ProductsSearchPage - Clicked on view Product button successfully
10:47:19.088 [main]INFO  stepDefinition.PlaceOrderStepDef - User clicks on view product button from search result
10:47:19.112 [main]INFO  pageObjectClasses.ProductDetailsPage - Products Details page is displayed
10:47:19.112 [main]INFO  stepDefinition.PlaceOrderStepDef - Verify user is in Product Details Page
10:47:19.411 [main]INFO  pageObjectClasses.ProductDetailsPage - Clicked on add To Cart button successfully
10:47:19.411 [main]INFO  stepDefinition.PlaceOrderStepDef - User clicks on Add To Cart Button
10:47:19.890 [main]INFO  pageObjectClasses.ProductDetailsPage - Clicked on continue shopping button successfully
10:47:19.890 [main]INFO  stepDefinition.PlaceOrderStepDef - User clicks on Continue Shopping Button
10:47:19.903 [main]INFO  stepDefinition.PlaceOrderStepDef - user clicks on cart link
10:47:21.433 [main]INFO  pageObjectClasses.ProductDetailsPage - Clicked on View Cart Link successfully
10:47:21.443 [main]INFO  stepDefinition.PlaceOrderStepDef - user verifies the application is in View Cart page
10:47:21.459 [main]INFO  pageObjectClasses.ViewCartPage - View Cart page is displayed
10:47:21.520 [main]INFO  pageObjectClasses.ViewCartPage - Added item is present in cart
10:47:21.546 [main]INFO  pageObjectClasses.CheckoutPage - Check Out page is displayed
10:47:23.043 [main]INFO  pageObjectClasses.CheckoutPage - Clicked on Place Order button
10:47:23.067 [main]INFO  pageObjectClasses.PaymentPage - Payment page is not displayed
10:54:10.373 [main]INFO  automationUtilities.BrowserFactory - Browser is chrome
10:54:15.915 [main]INFO  stepDefinition.OpenLogInPageStepDef - User trying to  navigate to application
10:54:20.576 [main]INFO  automationUtilities.BaseSteps - Navigated to application
10:54:20.644 [main]INFO  stepDefinition.OpenLogInPageStepDef - User  trying to click on log in link
10:54:22.335 [main]INFO  pageObjectClasses.HomePage - Clicked on SignUp Or Login Link
10:54:22.337 [main]INFO  stepDefinition.SignUpLogInPageStepDef - Verifying SignUp/Login Page is displayed
10:54:22.407 [main]INFO  pageObjectClasses.SignUpLoginPage - SignUp Or Login page is displayed
10:54:22.427 [main]INFO  stepDefinition.SignUpLogInPageStepDef - User is entering user Name and password
10:54:23.274 [main]INFO  pageObjectClasses.SignUpLoginPage - Entered User name as :testmiuser@gmail.com
10:54:23.470 [main]INFO  pageObjectClasses.SignUpLoginPage - Entered password is  :Testmiuser@01
10:54:23.471 [main]INFO  stepDefinition.SignUpLogInPageStepDef - user is clicking on Login button
10:54:26.516 [main]INFO  pageObjectClasses.SignUpLoginPage - Clicked on login button
10:54:26.519 [main]INFO  stepDefinition.UserHomePageStepDef - User is verifying application is navigated to user Home Page
10:54:26.542 [main]INFO  pageObjectClasses.UserHomePage - User Home page is displayed
10:54:28.675 [main]INFO  pageObjectClasses.HomePage - Use Clicked on Products  Link successfully
10:54:28.676 [main]INFO  stepDefinition.PlaceOrderStepDef - User clicks on Products Link
10:54:28.974 [main]INFO  pageObjectClasses.ProductsSearchPage - Entered search item is :Blue top
10:54:28.975 [main]INFO  stepDefinition.PlaceOrderStepDef - User enters the search item
10:54:30.400 [main]INFO  pageObjectClasses.ProductsSearchPage - User Clicked on Search button successfully
10:54:30.401 [main]INFO  stepDefinition.PlaceOrderStepDef - User clicks on search button
10:54:31.286 [main]INFO  pageObjectClasses.ProductsSearchPage - Clicked on view Product button successfully
10:54:31.286 [main]INFO  stepDefinition.PlaceOrderStepDef - User clicks on view product button from search result
10:54:31.323 [main]INFO  pageObjectClasses.ProductDetailsPage - Products Details page is displayed
10:54:31.323 [main]INFO  stepDefinition.PlaceOrderStepDef - Verify user is in Product Details Page
10:54:31.652 [main]INFO  pageObjectClasses.ProductDetailsPage - Clicked on add To Cart button successfully
10:54:31.657 [main]INFO  stepDefinition.PlaceOrderStepDef - User clicks on Add To Cart Button
10:54:32.011 [main]INFO  pageObjectClasses.ProductDetailsPage - Clicked on continue shopping button successfully
10:54:32.011 [main]INFO  stepDefinition.PlaceOrderStepDef - User clicks on Continue Shopping Button
10:54:32.011 [main]INFO  stepDefinition.PlaceOrderStepDef - user clicks on cart link
10:54:33.507 [main]INFO  pageObjectClasses.ProductDetailsPage - Clicked on View Cart Link successfully
10:54:33.509 [main]INFO  stepDefinition.PlaceOrderStepDef - user verifies the application is in View Cart page
10:54:33.539 [main]INFO  pageObjectClasses.ViewCartPage - View Cart page is displayed
10:54:33.634 [main]INFO  pageObjectClasses.ViewCartPage - Added item is present in cart
10:54:33.755 [main]INFO  pageObjectClasses.CheckoutPage - Check Out page is displayed
10:54:35.129 [main]INFO  pageObjectClasses.CheckoutPage - Clicked on Place Order button
10:54:35.161 [main]INFO  pageObjectClasses.PaymentPage - Payment page is not displayed
11:00:28.181 [main]INFO  automationUtilities.BrowserFactory - Browser is chrome
11:00:33.945 [main]INFO  stepDefinition.OpenLogInPageStepDef - User trying to  navigate to application
11:00:37.160 [main]INFO  automationUtilities.BaseSteps - Navigated to application
11:00:37.214 [main]INFO  stepDefinition.OpenLogInPageStepDef - User  trying to click on log in link
11:00:38.835 [main]INFO  pageObjectClasses.HomePage - Clicked on SignUp Or Login Link
11:00:38.837 [main]INFO  stepDefinition.SignUpLogInPageStepDef - Verifying SignUp/Login Page is displayed
11:00:38.867 [main]INFO  pageObjectClasses.SignUpLoginPage - SignUp Or Login page is displayed
11:00:38.890 [main]INFO  stepDefinition.SignUpLogInPageStepDef - User is entering user Name and password
11:00:39.573 [main]INFO  pageObjectClasses.SignUpLoginPage - Entered User name as :testmiuser@gmail.com
11:00:39.773 [main]INFO  pageObjectClasses.SignUpLoginPage - Entered password is  :Testmiuser@01
11:00:39.773 [main]INFO  stepDefinition.SignUpLogInPageStepDef - user is clicking on Login button
11:00:41.717 [main]INFO  pageObjectClasses.SignUpLoginPage - Clicked on login button
11:00:41.719 [main]INFO  stepDefinition.UserHomePageStepDef - User is verifying application is navigated to user Home Page
11:00:41.749 [main]INFO  pageObjectClasses.UserHomePage - User Home page is displayed
11:00:43.539 [main]INFO  pageObjectClasses.HomePage - Use Clicked on Products  Link successfully
11:00:43.539 [main]INFO  stepDefinition.PlaceOrderStepDef - User clicks on Products Link
11:00:43.843 [main]INFO  pageObjectClasses.ProductsSearchPage - Entered search item is :Blue top
11:00:43.843 [main]INFO  stepDefinition.PlaceOrderStepDef - User enters the search item
11:00:45.043 [main]INFO  pageObjectClasses.ProductsSearchPage - User Clicked on Search button successfully
11:00:45.045 [main]INFO  stepDefinition.PlaceOrderStepDef - User clicks on search button
11:00:46.345 [main]INFO  pageObjectClasses.ProductsSearchPage - Clicked on view Product button successfully
11:00:46.347 [main]INFO  stepDefinition.PlaceOrderStepDef - User clicks on view product button from search result
11:00:46.373 [main]INFO  pageObjectClasses.ProductDetailsPage - Products Details page is displayed
11:00:46.373 [main]INFO  stepDefinition.PlaceOrderStepDef - Verify user is in Product Details Page
11:00:46.624 [main]INFO  pageObjectClasses.ProductDetailsPage - Clicked on add To Cart button successfully
11:00:46.624 [main]INFO  stepDefinition.PlaceOrderStepDef - User clicks on Add To Cart Button
11:00:47.065 [main]INFO  pageObjectClasses.ProductDetailsPage - Clicked on continue shopping button successfully
11:00:47.065 [main]INFO  stepDefinition.PlaceOrderStepDef - User clicks on Continue Shopping Button
11:00:47.065 [main]INFO  stepDefinition.PlaceOrderStepDef - user clicks on cart link
11:00:48.376 [main]INFO  pageObjectClasses.ProductDetailsPage - Clicked on View Cart Link successfully
11:00:48.379 [main]INFO  stepDefinition.PlaceOrderStepDef - user verifies the application is in View Cart page
11:00:48.404 [main]INFO  pageObjectClasses.ViewCartPage - View Cart page is displayed
11:00:48.476 [main]INFO  pageObjectClasses.ViewCartPage - Added item is present in cart
11:00:48.500 [main]INFO  pageObjectClasses.CheckoutPage - Check Out page is displayed
11:00:49.705 [main]INFO  pageObjectClasses.CheckoutPage - Clicked on Place Order button
11:00:49.731 [main]INFO  pageObjectClasses.PaymentPage - Payment page is not displayed
11:08:45.010 [main]INFO  automationUtilities.BrowserFactory - Browser is chrome
11:08:53.255 [main]INFO  stepDefinition.OpenLogInPageStepDef - User trying to  navigate to application
11:08:57.104 [main]INFO  automationUtilities.BaseSteps - Navigated to application
11:08:57.151 [main]INFO  stepDefinition.OpenLogInPageStepDef - User  trying to click on log in link
11:08:58.740 [main]INFO  pageObjectClasses.HomePage - Clicked on SignUp Or Login Link
11:08:58.748 [main]INFO  stepDefinition.SignUpLogInPageStepDef - Verifying SignUp/Login Page is displayed
11:08:58.777 [main]INFO  pageObjectClasses.SignUpLoginPage - SignUp Or Login page is displayed
11:08:58.812 [main]INFO  stepDefinition.SignUpLogInPageStepDef - User is entering user Name and password
11:09:00.077 [main]INFO  pageObjectClasses.SignUpLoginPage - Entered User name as :testmiuser@gmail.com
11:09:00.292 [main]INFO  pageObjectClasses.SignUpLoginPage - Entered password is  :Testmiuser@01
11:09:00.297 [main]INFO  stepDefinition.SignUpLogInPageStepDef - user is clicking on Login button
11:09:02.848 [main]INFO  pageObjectClasses.SignUpLoginPage - Clicked on login button
11:09:02.862 [main]INFO  stepDefinition.UserHomePageStepDef - User is verifying application is navigated to user Home Page
11:09:02.887 [main]INFO  pageObjectClasses.UserHomePage - User Home page is displayed
11:09:04.940 [main]INFO  pageObjectClasses.HomePage - Use Clicked on Products  Link successfully
11:09:04.940 [main]INFO  stepDefinition.PlaceOrderStepDef - User clicks on Products Link
11:09:05.266 [main]INFO  pageObjectClasses.ProductsSearchPage - Entered search item is :Blue top
11:09:05.266 [main]INFO  stepDefinition.PlaceOrderStepDef - User enters the search item
11:09:06.841 [main]INFO  pageObjectClasses.ProductsSearchPage - User Clicked on Search button successfully
11:09:06.843 [main]INFO  stepDefinition.PlaceOrderStepDef - User clicks on search button
11:09:08.714 [main]INFO  pageObjectClasses.ProductsSearchPage - Clicked on view Product button successfully
11:09:08.714 [main]INFO  stepDefinition.PlaceOrderStepDef - User clicks on view product button from search result
11:09:08.745 [main]INFO  pageObjectClasses.ProductDetailsPage - Products Details page is displayed
11:09:08.747 [main]INFO  stepDefinition.PlaceOrderStepDef - Verify user is in Product Details Page
11:09:09.057 [main]INFO  pageObjectClasses.ProductDetailsPage - Clicked on add To Cart button successfully
11:09:09.057 [main]INFO  stepDefinition.PlaceOrderStepDef - User clicks on Add To Cart Button
11:09:09.551 [main]INFO  pageObjectClasses.ProductDetailsPage - Clicked on continue shopping button successfully
11:09:09.553 [main]INFO  stepDefinition.PlaceOrderStepDef - User clicks on Continue Shopping Button
11:09:09.553 [main]INFO  stepDefinition.PlaceOrderStepDef - user clicks on cart link
11:09:11.409 [main]INFO  pageObjectClasses.ProductDetailsPage - Clicked on View Cart Link successfully
11:09:11.419 [main]INFO  stepDefinition.PlaceOrderStepDef - user verifies the application is in View Cart page
11:09:11.438 [main]INFO  pageObjectClasses.ViewCartPage - View Cart page is displayed
11:09:11.591 [main]INFO  pageObjectClasses.ViewCartPage - Added item is present in cart
11:09:11.607 [main]INFO  pageObjectClasses.CheckoutPage - Check Out page is displayed
11:15:07.106 [main]INFO  automationUtilities.BrowserFactory - Browser is chrome
11:15:13.587 [main]INFO  stepDefinition.OpenLogInPageStepDef - User trying to  navigate to application
11:15:17.104 [main]INFO  automationUtilities.BaseSteps - Navigated to application
11:15:17.160 [main]INFO  stepDefinition.OpenLogInPageStepDef - User  trying to click on log in link
11:15:19.168 [main]INFO  pageObjectClasses.HomePage - Clicked on SignUp Or Login Link
11:15:19.171 [main]INFO  stepDefinition.SignUpLogInPageStepDef - Verifying SignUp/Login Page is displayed
11:15:19.193 [main]INFO  pageObjectClasses.SignUpLoginPage - SignUp Or Login page is displayed
11:15:19.205 [main]INFO  stepDefinition.SignUpLogInPageStepDef - User is entering user Name and password
11:15:19.493 [main]INFO  pageObjectClasses.SignUpLoginPage - Entered User name as :testmiuser@gmail.com
11:15:19.860 [main]INFO  pageObjectClasses.SignUpLoginPage - Entered password is  :Testmiuser@01
11:15:19.860 [main]INFO  stepDefinition.SignUpLogInPageStepDef - user is clicking on Login button
11:15:21.913 [main]INFO  pageObjectClasses.SignUpLoginPage - Clicked on login button
11:15:21.917 [main]INFO  stepDefinition.UserHomePageStepDef - User is verifying application is navigated to user Home Page
11:15:21.940 [main]INFO  pageObjectClasses.UserHomePage - User Home page is displayed
11:15:23.462 [main]INFO  pageObjectClasses.HomePage - Use Clicked on Products  Link successfully
11:15:23.462 [main]INFO  stepDefinition.PlaceOrderStepDef - User clicks on Products Link
11:15:23.730 [main]INFO  pageObjectClasses.ProductsSearchPage - Entered search item is :Blue top
11:15:23.730 [main]INFO  stepDefinition.PlaceOrderStepDef - User enters the search item
11:15:25.115 [main]INFO  pageObjectClasses.ProductsSearchPage - User Clicked on Search button successfully
11:15:25.115 [main]INFO  stepDefinition.PlaceOrderStepDef - User clicks on search button
11:15:26.727 [main]INFO  pageObjectClasses.ProductsSearchPage - Clicked on view Product button successfully
11:15:26.727 [main]INFO  stepDefinition.PlaceOrderStepDef - User clicks on view product button from search result
11:15:26.752 [main]INFO  pageObjectClasses.ProductDetailsPage - Products Details page is displayed
11:15:26.752 [main]INFO  stepDefinition.PlaceOrderStepDef - Verify user is in Product Details Page
11:15:27.033 [main]INFO  pageObjectClasses.ProductDetailsPage - Clicked on add To Cart button successfully
11:15:27.033 [main]INFO  stepDefinition.PlaceOrderStepDef - User clicks on Add To Cart Button
11:15:27.430 [main]INFO  pageObjectClasses.ProductDetailsPage - Clicked on continue shopping button successfully
11:15:27.430 [main]INFO  stepDefinition.PlaceOrderStepDef - User clicks on Continue Shopping Button
11:15:27.434 [main]INFO  stepDefinition.PlaceOrderStepDef - user clicks on cart link
11:15:29.086 [main]INFO  pageObjectClasses.ProductDetailsPage - Clicked on View Cart Link successfully
11:15:29.091 [main]INFO  stepDefinition.PlaceOrderStepDef - user verifies the application is in View Cart page
11:15:29.111 [main]INFO  pageObjectClasses.ViewCartPage - View Cart page is displayed
11:15:29.180 [main]INFO  pageObjectClasses.ViewCartPage - Added item is present in cart
11:15:29.204 [main]INFO  pageObjectClasses.CheckoutPage - Check Out page is displayed
11:15:31.237 [main]INFO  pageObjectClasses.CheckoutPage - Clicked on Place Order button
11:15:31.273 [main]INFO  pageObjectClasses.PaymentPage - Payment page is not displayed
11:23:54.080 [main]INFO  automationUtilities.BrowserFactory - Browser is chrome
11:23:59.295 [main]INFO  stepDefinition.OpenLogInPageStepDef - User trying to  navigate to application
11:24:03.095 [main]INFO  automationUtilities.BaseSteps - Navigated to application
11:24:03.152 [main]INFO  stepDefinition.OpenLogInPageStepDef - User  trying to click on log in link
11:24:04.597 [main]INFO  pageObjectClasses.HomePage - Clicked on SignUp Or Login Link
11:24:04.599 [main]INFO  stepDefinition.SignUpLogInPageStepDef - Verifying SignUp/Login Page is displayed
11:24:04.655 [main]INFO  pageObjectClasses.SignUpLoginPage - SignUp Or Login page is displayed
11:24:04.669 [main]INFO  stepDefinition.SignUpLogInPageStepDef - User is entering user Name and password
11:24:05.333 [main]INFO  pageObjectClasses.SignUpLoginPage - Entered User name as :testmiuser@gmail.com
11:24:05.496 [main]INFO  pageObjectClasses.SignUpLoginPage - Entered password is  :Testmiuser@01
11:24:05.498 [main]INFO  stepDefinition.SignUpLogInPageStepDef - user is clicking on Login button
11:24:07.171 [main]INFO  pageObjectClasses.SignUpLoginPage - Clicked on login button
11:24:07.174 [main]INFO  stepDefinition.UserHomePageStepDef - User is verifying application is navigated to user Home Page
11:24:07.199 [main]INFO  pageObjectClasses.UserHomePage - User Home page is displayed
11:24:08.603 [main]INFO  pageObjectClasses.HomePage - Use Clicked on Products  Link successfully
11:24:08.603 [main]INFO  stepDefinition.PlaceOrderStepDef - User clicks on Products Link
11:24:08.890 [main]INFO  pageObjectClasses.ProductsSearchPage - Entered search item is :Blue top
11:24:08.890 [main]INFO  stepDefinition.PlaceOrderStepDef - User enters the search item
11:24:10.526 [main]INFO  pageObjectClasses.ProductsSearchPage - User Clicked on Search button successfully
11:24:10.527 [main]INFO  stepDefinition.PlaceOrderStepDef - User clicks on search button
11:24:11.885 [main]INFO  pageObjectClasses.ProductsSearchPage - Clicked on view Product button successfully
11:24:11.885 [main]INFO  stepDefinition.PlaceOrderStepDef - User clicks on view product button from search result
11:24:11.910 [main]INFO  pageObjectClasses.ProductDetailsPage - Products Details page is displayed
11:24:11.910 [main]INFO  stepDefinition.PlaceOrderStepDef - Verify user is in Product Details Page
11:24:12.209 [main]INFO  pageObjectClasses.ProductDetailsPage - Clicked on add To Cart button successfully
11:24:12.209 [main]INFO  stepDefinition.PlaceOrderStepDef - User clicks on Add To Cart Button
11:24:12.623 [main]INFO  pageObjectClasses.ProductDetailsPage - Clicked on continue shopping button successfully
11:24:12.624 [main]INFO  stepDefinition.PlaceOrderStepDef - User clicks on Continue Shopping Button
11:24:12.625 [main]INFO  stepDefinition.PlaceOrderStepDef - user clicks on cart link
11:24:13.923 [main]INFO  pageObjectClasses.ProductDetailsPage - Clicked on View Cart Link successfully
11:24:13.923 [main]INFO  stepDefinition.PlaceOrderStepDef - user verifies the application is in View Cart page
11:24:13.953 [main]INFO  pageObjectClasses.ViewCartPage - View Cart page is displayed
11:24:14.113 [main]INFO  pageObjectClasses.ViewCartPage - Added item is present in cart
11:24:14.136 [main]INFO  pageObjectClasses.CheckoutPage - Check Out page is displayed
11:24:15.960 [main]INFO  pageObjectClasses.CheckoutPage - Clicked on Place Order button
11:24:15.987 [main]INFO  pageObjectClasses.PaymentPage - Payment page is not displayed
11:27:28.652 [main]INFO  automationUtilities.BrowserFactory - Browser is chrome
11:27:35.029 [main]INFO  stepDefinition.OpenLogInPageStepDef - User trying to  navigate to application
11:27:40.477 [main]INFO  automationUtilities.BaseSteps - Navigated to application
11:27:40.538 [main]INFO  stepDefinition.OpenLogInPageStepDef - User  trying to click on log in link
11:27:44.893 [main]INFO  pageObjectClasses.HomePage - Clicked on SignUp Or Login Link
11:27:44.895 [main]INFO  stepDefinition.SignUpLogInPageStepDef - Verifying SignUp/Login Page is displayed
11:27:44.920 [main]INFO  pageObjectClasses.SignUpLoginPage - SignUp Or Login page is displayed
11:27:44.929 [main]INFO  stepDefinition.SignUpLogInPageStepDef - User is entering user Name and password
11:27:45.170 [main]INFO  pageObjectClasses.SignUpLoginPage - Entered User name as :testmiuser@gmail.com
11:27:45.324 [main]INFO  pageObjectClasses.SignUpLoginPage - Entered password is  :Testmiuser@01
11:27:45.325 [main]INFO  stepDefinition.SignUpLogInPageStepDef - user is clicking on Login button
11:27:58.475 [main]INFO  pageObjectClasses.SignUpLoginPage - Clicked on login button
11:27:58.478 [main]INFO  stepDefinition.UserHomePageStepDef - User is verifying application is navigated to user Home Page
11:27:58.502 [main]INFO  pageObjectClasses.UserHomePage - User Home page is displayed
11:28:01.464 [main]INFO  pageObjectClasses.HomePage - Use Clicked on Products  Link successfully
11:28:01.464 [main]INFO  stepDefinition.PlaceOrderStepDef - User clicks on Products Link
11:28:01.771 [main]INFO  pageObjectClasses.ProductsSearchPage - Entered search item is :Blue top
11:28:01.771 [main]INFO  stepDefinition.PlaceOrderStepDef - User enters the search item
11:28:04.889 [main]INFO  pageObjectClasses.ProductsSearchPage - User Clicked on Search button successfully
11:28:04.889 [main]INFO  stepDefinition.PlaceOrderStepDef - User clicks on search button
11:28:06.569 [main]INFO  pageObjectClasses.ProductsSearchPage - Clicked on view Product button successfully
11:28:06.569 [main]INFO  stepDefinition.PlaceOrderStepDef - User clicks on view product button from search result
11:28:06.599 [main]INFO  pageObjectClasses.ProductDetailsPage - Products Details page is displayed
11:28:06.599 [main]INFO  stepDefinition.PlaceOrderStepDef - Verify user is in Product Details Page
11:28:06.866 [main]INFO  pageObjectClasses.ProductDetailsPage - Clicked on add To Cart button successfully
11:28:06.866 [main]INFO  stepDefinition.PlaceOrderStepDef - User clicks on Add To Cart Button
11:28:07.366 [main]INFO  pageObjectClasses.ProductDetailsPage - Clicked on continue shopping button successfully
11:28:07.366 [main]INFO  stepDefinition.PlaceOrderStepDef - User clicks on Continue Shopping Button
11:28:07.366 [main]INFO  stepDefinition.PlaceOrderStepDef - user clicks on cart link
11:28:08.696 [main]INFO  pageObjectClasses.ProductDetailsPage - Clicked on View Cart Link successfully
11:28:08.696 [main]INFO  stepDefinition.PlaceOrderStepDef - user verifies the application is in View Cart page
11:28:08.727 [main]INFO  pageObjectClasses.ViewCartPage - View Cart page is displayed
11:28:08.846 [main]INFO  pageObjectClasses.ViewCartPage - Added item is present in cart
11:28:08.866 [main]INFO  pageObjectClasses.CheckoutPage - Check Out page is displayed
11:28:10.678 [main]INFO  pageObjectClasses.CheckoutPage - Clicked on Place Order button
11:28:10.703 [main]INFO  pageObjectClasses.PaymentPage - Payment page is not displayed
11:30:04.424 [main]INFO  automationUtilities.BrowserFactory - Browser is chrome
11:30:09.393 [main]INFO  stepDefinition.OpenLogInPageStepDef - User trying to  navigate to application
11:30:12.493 [main]INFO  automationUtilities.BaseSteps - Navigated to application
11:30:12.536 [main]INFO  stepDefinition.OpenLogInPageStepDef - User  trying to click on log in link
11:30:13.808 [main]INFO  pageObjectClasses.HomePage - Clicked on SignUp Or Login Link
11:30:13.812 [main]INFO  stepDefinition.SignUpLogInPageStepDef - Verifying SignUp/Login Page is displayed
11:30:13.834 [main]INFO  pageObjectClasses.SignUpLoginPage - SignUp Or Login page is displayed
11:30:13.850 [main]INFO  stepDefinition.SignUpLogInPageStepDef - User is entering user Name and password
11:30:14.279 [main]INFO  pageObjectClasses.SignUpLoginPage - Entered User name as :testmiuser@gmail.com
11:30:14.473 [main]INFO  pageObjectClasses.SignUpLoginPage - Entered password is  :Testmiuser@01
11:30:14.483 [main]INFO  stepDefinition.SignUpLogInPageStepDef - user is clicking on Login button
11:30:16.246 [main]INFO  pageObjectClasses.SignUpLoginPage - Clicked on login button
11:30:16.254 [main]INFO  stepDefinition.UserHomePageStepDef - User is verifying application is navigated to user Home Page
11:30:16.271 [main]INFO  pageObjectClasses.UserHomePage - User Home page is displayed
11:30:17.724 [main]INFO  pageObjectClasses.HomePage - Use Clicked on Products  Link successfully
11:30:17.724 [main]INFO  stepDefinition.PlaceOrderStepDef - User clicks on Products Link
11:30:17.953 [main]INFO  pageObjectClasses.ProductsSearchPage - Entered search item is :Blue top
11:30:17.953 [main]INFO  stepDefinition.PlaceOrderStepDef - User enters the search item
11:30:19.124 [main]INFO  pageObjectClasses.ProductsSearchPage - User Clicked on Search button successfully
11:30:19.124 [main]INFO  stepDefinition.PlaceOrderStepDef - User clicks on search button
11:30:20.458 [main]INFO  pageObjectClasses.ProductsSearchPage - Clicked on view Product button successfully
11:30:20.458 [main]INFO  stepDefinition.PlaceOrderStepDef - User clicks on view product button from search result
11:30:20.478 [main]INFO  pageObjectClasses.ProductDetailsPage - Products Details page is displayed
11:30:20.478 [main]INFO  stepDefinition.PlaceOrderStepDef - Verify user is in Product Details Page
11:30:20.781 [main]INFO  pageObjectClasses.ProductDetailsPage - Clicked on add To Cart button successfully
11:30:20.784 [main]INFO  stepDefinition.PlaceOrderStepDef - User clicks on Add To Cart Button
11:30:21.280 [main]INFO  pageObjectClasses.ProductDetailsPage - Clicked on continue shopping button successfully
11:30:21.280 [main]INFO  stepDefinition.PlaceOrderStepDef - User clicks on Continue Shopping Button
11:30:21.280 [main]INFO  stepDefinition.PlaceOrderStepDef - user clicks on cart link
11:30:22.679 [main]INFO  pageObjectClasses.ProductDetailsPage - Clicked on View Cart Link successfully
11:30:22.679 [main]INFO  stepDefinition.PlaceOrderStepDef - user verifies the application is in View Cart page
11:30:22.703 [main]INFO  pageObjectClasses.ViewCartPage - View Cart page is displayed
11:30:22.767 [main]INFO  pageObjectClasses.ViewCartPage - Added item is present in cart
11:30:22.779 [main]INFO  pageObjectClasses.CheckoutPage - Check Out page is displayed
11:30:24.102 [main]INFO  pageObjectClasses.CheckoutPage - Clicked on Place Order button
11:30:24.126 [main]INFO  pageObjectClasses.PaymentPage - Payment page is not displayed
11:30:27.775 [main]INFO  pageObjectClasses.PaymentPage - Payment Details are entered
11:30:31.020 [main]INFO  pageObjectClasses.PaymentPage - Successfully clicked on Pay and Confirm Order
11:30:31.041 [main]INFO  pageObjectClasses.OrderConfirmationPage - Order confirmation page is displayed
11:31:07.293 [main]INFO  automationUtilities.BrowserFactory - Browser is edge
11:31:17.608 [main]INFO  stepDefinition.OpenLogInPageStepDef - User trying to  navigate to application
11:31:23.837 [main]INFO  automationUtilities.BaseSteps - Navigated to application
11:31:23.919 [main]INFO  stepDefinition.OpenLogInPageStepDef - User  trying to click on log in link
11:31:25.784 [main]INFO  pageObjectClasses.HomePage - Clicked on SignUp Or Login Link
11:31:25.787 [main]INFO  stepDefinition.SignUpLogInPageStepDef - Verifying SignUp/Login Page is displayed
11:31:25.813 [main]INFO  pageObjectClasses.SignUpLoginPage - SignUp Or Login page is displayed
11:31:25.826 [main]INFO  stepDefinition.SignUpLogInPageStepDef - User is entering user Name and password
11:31:26.463 [main]INFO  pageObjectClasses.SignUpLoginPage - Entered User name as :testmiuser@gmail.com
11:31:26.659 [main]INFO  pageObjectClasses.SignUpLoginPage - Entered password is  :Testmiuser@01
11:31:26.661 [main]INFO  stepDefinition.SignUpLogInPageStepDef - user is clicking on Login button
11:31:28.813 [main]INFO  pageObjectClasses.SignUpLoginPage - Clicked on login button
11:31:28.815 [main]INFO  stepDefinition.UserHomePageStepDef - User is verifying application is navigated to user Home Page
11:31:28.845 [main]INFO  pageObjectClasses.UserHomePage - User Home page is displayed
11:31:30.705 [main]INFO  pageObjectClasses.HomePage - Use Clicked on Products  Link successfully
11:31:30.706 [main]INFO  stepDefinition.PlaceOrderStepDef - User clicks on Products Link
11:31:30.959 [main]INFO  pageObjectClasses.ProductsSearchPage - Entered search item is :Blue top
11:31:30.960 [main]INFO  stepDefinition.PlaceOrderStepDef - User enters the search item
11:31:32.390 [main]INFO  pageObjectClasses.ProductsSearchPage - User Clicked on Search button successfully
11:31:32.391 [main]INFO  stepDefinition.PlaceOrderStepDef - User clicks on search button
11:31:33.993 [main]INFO  pageObjectClasses.ProductsSearchPage - Clicked on view Product button successfully
11:31:33.993 [main]INFO  stepDefinition.PlaceOrderStepDef - User clicks on view product button from search result
11:31:34.018 [main]INFO  pageObjectClasses.ProductDetailsPage - Products Details page is displayed
11:31:34.018 [main]INFO  stepDefinition.PlaceOrderStepDef - Verify user is in Product Details Page
11:31:34.346 [main]INFO  pageObjectClasses.ProductDetailsPage - Clicked on add To Cart button successfully
11:31:34.346 [main]INFO  stepDefinition.PlaceOrderStepDef - User clicks on Add To Cart Button
11:31:34.777 [main]INFO  pageObjectClasses.ProductDetailsPage - Clicked on continue shopping button successfully
11:31:34.783 [main]INFO  stepDefinition.PlaceOrderStepDef - User clicks on Continue Shopping Button
11:31:34.783 [main]INFO  stepDefinition.PlaceOrderStepDef - user clicks on cart link
11:31:36.184 [main]INFO  pageObjectClasses.ProductDetailsPage - Clicked on View Cart Link successfully
11:31:36.197 [main]INFO  stepDefinition.PlaceOrderStepDef - user verifies the application is in View Cart page
11:31:36.217 [main]INFO  pageObjectClasses.ViewCartPage - View Cart page is displayed
11:31:36.280 [main]INFO  pageObjectClasses.ViewCartPage - Added item is present in cart
11:31:36.319 [main]INFO  pageObjectClasses.CheckoutPage - Check Out page is displayed
11:31:37.742 [main]INFO  pageObjectClasses.CheckoutPage - Clicked on Place Order button
11:31:37.765 [main]INFO  pageObjectClasses.PaymentPage - Payment page is not displayed
11:34:37.219 [main]INFO  automationUtilities.BrowserFactory - Browser is chrome
11:34:42.008 [main]INFO  stepDefinition.OpenLogInPageStepDef - User trying to  navigate to application
11:34:45.299 [main]INFO  automationUtilities.BaseSteps - Navigated to application
11:34:45.346 [main]INFO  stepDefinition.OpenLogInPageStepDef - User  trying to click on log in link
11:34:46.720 [main]INFO  pageObjectClasses.HomePage - Clicked on SignUp Or Login Link
11:34:46.720 [main]INFO  stepDefinition.SignUpLogInPageStepDef - Verifying SignUp/Login Page is displayed
11:34:46.748 [main]INFO  pageObjectClasses.SignUpLoginPage - SignUp Or Login page is displayed
11:34:46.756 [main]INFO  stepDefinition.SignUpLogInPageStepDef - User is entering user Name and password
11:34:47.099 [main]INFO  pageObjectClasses.SignUpLoginPage - Entered User name as :testmiuser@gmail.com
11:34:47.395 [main]INFO  pageObjectClasses.SignUpLoginPage - Entered password is  :Testmiuser@01
11:34:47.398 [main]INFO  stepDefinition.SignUpLogInPageStepDef - user is clicking on Login button
11:34:49.361 [main]INFO  pageObjectClasses.SignUpLoginPage - Clicked on login button
11:34:49.365 [main]INFO  stepDefinition.UserHomePageStepDef - User is verifying application is navigated to user Home Page
11:34:49.393 [main]INFO  pageObjectClasses.UserHomePage - User Home page is displayed
11:34:51.353 [main]INFO  pageObjectClasses.HomePage - Use Clicked on Products  Link successfully
11:34:51.353 [main]INFO  stepDefinition.PlaceOrderStepDef - User clicks on Products Link
11:34:51.450 [main]INFO  pageObjectClasses.ProductsSearchPage - Entered search item is :Blue top
11:34:51.450 [main]INFO  stepDefinition.PlaceOrderStepDef - User enters the search item
11:34:52.825 [main]INFO  pageObjectClasses.ProductsSearchPage - User Clicked on Search button successfully
11:34:52.825 [main]INFO  stepDefinition.PlaceOrderStepDef - User clicks on search button
11:34:53.994 [main]INFO  pageObjectClasses.ProductsSearchPage - Clicked on view Product button successfully
11:34:53.998 [main]INFO  stepDefinition.PlaceOrderStepDef - User clicks on view product button from search result
11:34:54.013 [main]INFO  pageObjectClasses.ProductDetailsPage - Products Details page is displayed
11:34:54.013 [main]INFO  stepDefinition.PlaceOrderStepDef - Verify user is in Product Details Page
11:34:54.111 [main]INFO  pageObjectClasses.ProductDetailsPage - Clicked on add To Cart button successfully
11:34:54.111 [main]INFO  stepDefinition.PlaceOrderStepDef - User clicks on Add To Cart Button
11:34:54.436 [main]INFO  pageObjectClasses.ProductDetailsPage - Clicked on continue shopping button successfully
11:34:54.436 [main]INFO  stepDefinition.PlaceOrderStepDef - User clicks on Continue Shopping Button
11:34:54.436 [main]INFO  stepDefinition.PlaceOrderStepDef - user clicks on cart link
11:34:55.349 [main]INFO  pageObjectClasses.ProductDetailsPage - Clicked on View Cart Link successfully
11:34:55.352 [main]INFO  stepDefinition.PlaceOrderStepDef - user verifies the application is in View Cart page
11:34:55.363 [main]INFO  pageObjectClasses.ViewCartPage - View Cart page is displayed
11:34:55.397 [main]INFO  pageObjectClasses.ViewCartPage - Added item is present in cart
11:34:55.397 [main]INFO  pageObjectClasses.CheckoutPage - Check Out page is displayed
11:34:56.640 [main]INFO  pageObjectClasses.CheckoutPage - Clicked on Place Order button
11:34:56.660 [main]INFO  pageObjectClasses.PaymentPage - Payment page is not displayed
12:45:54.649 [main]INFO  automationUtilities.BrowserFactory - Browser is chrome
12:46:00.451 [main]INFO  stepDefinition.OpenLogInPageStepDef - User trying to  navigate to application
12:46:04.095 [main]INFO  automationUtilities.BaseSteps - Navigated to application
12:46:04.160 [main]INFO  stepDefinition.OpenLogInPageStepDef - User  trying to click on log in link
12:46:06.102 [main]INFO  pageObjectClasses.HomePage - Clicked on SignUp Or Login Link
12:46:06.102 [main]INFO  stepDefinition.SignUpLogInPageStepDef - Verifying SignUp/Login Page is displayed
12:46:06.137 [main]INFO  pageObjectClasses.SignUpLoginPage - SignUp Or Login page is displayed
12:46:06.148 [main]INFO  stepDefinition.SignUpLogInPageStepDef - User is entering user Name and password
12:46:06.652 [main]INFO  pageObjectClasses.SignUpLoginPage - Entered User name as :testmiuser@gmail.com
12:46:06.876 [main]INFO  pageObjectClasses.SignUpLoginPage - Entered password is  :Testmiuser@01
12:46:06.878 [main]INFO  stepDefinition.SignUpLogInPageStepDef - user is clicking on Login button
12:46:09.153 [main]INFO  pageObjectClasses.SignUpLoginPage - Clicked on login button
12:46:09.156 [main]INFO  stepDefinition.UserHomePageStepDef - User is verifying application is navigated to user Home Page
12:46:09.180 [main]INFO  pageObjectClasses.UserHomePage - User Home page is displayed
12:46:10.966 [main]INFO  pageObjectClasses.HomePage - Use Clicked on Products  Link successfully
12:46:10.968 [main]INFO  stepDefinition.PlaceOrderStepDef - User clicks on Products Link
12:46:11.265 [main]INFO  pageObjectClasses.ProductsSearchPage - Entered search item is :Blue top
12:46:11.265 [main]INFO  stepDefinition.PlaceOrderStepDef - User enters the search item
12:46:12.988 [main]INFO  pageObjectClasses.ProductsSearchPage - User Clicked on Search button successfully
12:46:12.988 [main]INFO  stepDefinition.PlaceOrderStepDef - User clicks on search button
12:46:14.635 [main]INFO  pageObjectClasses.ProductsSearchPage - Clicked on view Product button successfully
12:46:14.635 [main]INFO  stepDefinition.PlaceOrderStepDef - User clicks on view product button from search result
12:46:14.671 [main]INFO  pageObjectClasses.ProductDetailsPage - Products Details page is displayed
12:46:14.671 [main]INFO  stepDefinition.PlaceOrderStepDef - Verify user is in Product Details Page
12:46:14.955 [main]INFO  pageObjectClasses.ProductDetailsPage - Clicked on add To Cart button successfully
12:46:14.955 [main]INFO  stepDefinition.PlaceOrderStepDef - User clicks on Add To Cart Button
12:46:15.441 [main]INFO  pageObjectClasses.ProductDetailsPage - Clicked on continue shopping button successfully
12:46:15.441 [main]INFO  stepDefinition.PlaceOrderStepDef - User clicks on Continue Shopping Button
12:46:15.441 [main]INFO  stepDefinition.PlaceOrderStepDef - user clicks on cart link
12:46:17.207 [main]INFO  pageObjectClasses.ProductDetailsPage - Clicked on View Cart Link successfully
12:46:17.218 [main]INFO  stepDefinition.PlaceOrderStepDef - user verifies the application is in View Cart page
12:46:17.236 [main]INFO  pageObjectClasses.ViewCartPage - View Cart page is displayed
12:46:17.381 [main]INFO  pageObjectClasses.ViewCartPage - Added item is present in cart
12:46:17.409 [main]INFO  pageObjectClasses.CheckoutPage - Check Out page is displayed
12:47:57.475 [main]INFO  automationUtilities.BrowserFactory - Browser is chrome
12:48:04.506 [main]INFO  stepDefinition.OpenLogInPageStepDef - User trying to  navigate to application
12:48:07.962 [main]INFO  automationUtilities.BaseSteps - Navigated to application
12:48:08.007 [main]INFO  stepDefinition.OpenLogInPageStepDef - User  trying to click on log in link
12:48:09.808 [main]INFO  pageObjectClasses.HomePage - Clicked on SignUp Or Login Link
12:48:09.808 [main]INFO  stepDefinition.SignUpLogInPageStepDef - Verifying SignUp/Login Page is displayed
12:48:09.840 [main]INFO  pageObjectClasses.SignUpLoginPage - SignUp Or Login page is displayed
12:48:09.886 [main]INFO  stepDefinition.SignUpLogInPageStepDef - User is entering user Name and password
12:48:10.399 [main]INFO  pageObjectClasses.SignUpLoginPage - Entered User name as :testmiuser@gmail.com
12:48:10.585 [main]INFO  pageObjectClasses.SignUpLoginPage - Entered password is  :Testmiuser@01
12:48:10.587 [main]INFO  stepDefinition.SignUpLogInPageStepDef - user is clicking on Login button
12:48:12.624 [main]INFO  pageObjectClasses.SignUpLoginPage - Clicked on login button
12:48:12.624 [main]INFO  stepDefinition.UserHomePageStepDef - User is verifying application is navigated to user Home Page
12:48:12.656 [main]INFO  pageObjectClasses.UserHomePage - User Home page is displayed
12:48:14.236 [main]INFO  pageObjectClasses.HomePage - Use Clicked on Products  Link successfully
12:48:14.236 [main]INFO  stepDefinition.PlaceOrderStepDef - User clicks on Products Link
12:48:14.529 [main]INFO  pageObjectClasses.ProductsSearchPage - Entered search item is :Blue top
12:48:14.529 [main]INFO  stepDefinition.PlaceOrderStepDef - User enters the search item
12:48:15.968 [main]INFO  pageObjectClasses.ProductsSearchPage - User Clicked on Search button successfully
12:48:15.968 [main]INFO  stepDefinition.PlaceOrderStepDef - User clicks on search button
12:48:17.757 [main]INFO  pageObjectClasses.ProductsSearchPage - Clicked on view Product button successfully
12:48:17.757 [main]INFO  stepDefinition.PlaceOrderStepDef - User clicks on view product button from search result
12:48:17.784 [main]INFO  pageObjectClasses.ProductDetailsPage - Products Details page is displayed
12:48:17.784 [main]INFO  stepDefinition.PlaceOrderStepDef - Verify user is in Product Details Page
12:48:18.083 [main]INFO  pageObjectClasses.ProductDetailsPage - Clicked on add To Cart button successfully
12:48:18.083 [main]INFO  stepDefinition.PlaceOrderStepDef - User clicks on Add To Cart Button
12:48:18.544 [main]INFO  pageObjectClasses.ProductDetailsPage - Clicked on continue shopping button successfully
12:48:18.547 [main]INFO  stepDefinition.PlaceOrderStepDef - User clicks on Continue Shopping Button
12:48:18.549 [main]INFO  stepDefinition.PlaceOrderStepDef - user clicks on cart link
12:48:19.800 [main]INFO  pageObjectClasses.ProductDetailsPage - Clicked on View Cart Link successfully
12:48:19.803 [main]INFO  stepDefinition.PlaceOrderStepDef - user verifies the application is in View Cart page
12:48:19.825 [main]INFO  pageObjectClasses.ViewCartPage - View Cart page is displayed
12:48:19.890 [main]INFO  pageObjectClasses.ViewCartPage - Added item is present in cart
12:48:19.917 [main]INFO  pageObjectClasses.CheckoutPage - Check Out page is displayed
12:51:01.539 [main]INFO  automationUtilities.BrowserFactory - Browser is chrome
12:51:06.832 [main]INFO  stepDefinition.OpenLogInPageStepDef - User trying to  navigate to application
12:51:10.346 [main]INFO  automationUtilities.BaseSteps - Navigated to application
12:51:10.419 [main]INFO  stepDefinition.OpenLogInPageStepDef - User  trying to click on log in link
12:51:12.013 [main]INFO  pageObjectClasses.HomePage - Clicked on SignUp Or Login Link
12:51:12.015 [main]INFO  stepDefinition.SignUpLogInPageStepDef - Verifying SignUp/Login Page is displayed
12:51:12.043 [main]INFO  pageObjectClasses.SignUpLoginPage - SignUp Or Login page is displayed
12:51:12.052 [main]INFO  stepDefinition.SignUpLogInPageStepDef - User is entering user Name and password
12:51:12.630 [main]INFO  pageObjectClasses.SignUpLoginPage - Entered User name as :testmiuser@gmail.com
12:51:12.813 [main]INFO  pageObjectClasses.SignUpLoginPage - Entered password is  :Testmiuser@01
12:51:12.815 [main]INFO  stepDefinition.SignUpLogInPageStepDef - user is clicking on Login button
12:51:14.864 [main]INFO  pageObjectClasses.SignUpLoginPage - Clicked on login button
12:51:14.867 [main]INFO  stepDefinition.UserHomePageStepDef - User is verifying application is navigated to user Home Page
12:51:14.891 [main]INFO  pageObjectClasses.UserHomePage - User Home page is displayed
12:51:17.839 [main]INFO  pageObjectClasses.HomePage - Use Clicked on Products  Link successfully
12:51:17.841 [main]INFO  stepDefinition.PlaceOrderStepDef - User clicks on Products Link
12:51:18.148 [main]INFO  pageObjectClasses.ProductsSearchPage - Entered search item is :Blue top
12:51:18.149 [main]INFO  stepDefinition.PlaceOrderStepDef - User enters the search item
12:51:19.581 [main]INFO  pageObjectClasses.ProductsSearchPage - User Clicked on Search button successfully
12:51:19.582 [main]INFO  stepDefinition.PlaceOrderStepDef - User clicks on search button
12:51:21.137 [main]INFO  pageObjectClasses.ProductsSearchPage - Clicked on view Product button successfully
12:51:21.137 [main]INFO  stepDefinition.PlaceOrderStepDef - User clicks on view product button from search result
12:51:21.173 [main]INFO  pageObjectClasses.ProductDetailsPage - Products Details page is displayed
12:51:21.173 [main]INFO  stepDefinition.PlaceOrderStepDef - Verify user is in Product Details Page
12:51:21.409 [main]INFO  pageObjectClasses.ProductDetailsPage - Clicked on add To Cart button successfully
12:51:21.409 [main]INFO  stepDefinition.PlaceOrderStepDef - User clicks on Add To Cart Button
12:51:21.863 [main]INFO  pageObjectClasses.ProductDetailsPage - Clicked on continue shopping button successfully
12:51:21.869 [main]INFO  stepDefinition.PlaceOrderStepDef - User clicks on Continue Shopping Button
12:51:21.871 [main]INFO  stepDefinition.PlaceOrderStepDef - user clicks on cart link
12:51:23.378 [main]INFO  pageObjectClasses.ProductDetailsPage - Clicked on View Cart Link successfully
12:51:23.378 [main]INFO  stepDefinition.PlaceOrderStepDef - user verifies the application is in View Cart page
12:51:23.397 [main]INFO  pageObjectClasses.ViewCartPage - View Cart page is displayed
12:51:23.562 [main]INFO  pageObjectClasses.ViewCartPage - Added item is present in cart
12:51:23.589 [main]INFO  pageObjectClasses.CheckoutPage - Check Out page is displayed
13:32:40.918 [main]INFO  automationUtilities.BrowserFactory - Browser is chrome
13:32:47.620 [main]INFO  stepDefinition.OpenLogInPageStepDef - User trying to  navigate to application
13:32:51.036 [main]INFO  automationUtilities.BaseSteps - Navigated to application
13:32:51.083 [main]INFO  stepDefinition.OpenLogInPageStepDef - User  trying to click on log in link
13:32:52.648 [main]INFO  pageObjectClasses.HomePage - Clicked on SignUp Or Login Link
13:32:52.649 [main]INFO  stepDefinition.SignUpLogInPageStepDef - Verifying SignUp/Login Page is displayed
13:32:52.708 [main]INFO  pageObjectClasses.SignUpLoginPage - SignUp Or Login page is displayed
13:32:52.731 [main]INFO  stepDefinition.SignUpLogInPageStepDef - User is entering user Name and password
13:32:53.411 [main]INFO  pageObjectClasses.SignUpLoginPage - Entered User name as :testmiuser@gmail.com
13:32:53.595 [main]INFO  pageObjectClasses.SignUpLoginPage - Entered password is  :Testmiuser@01
13:32:53.595 [main]INFO  stepDefinition.SignUpLogInPageStepDef - user is clicking on Login button
13:32:55.846 [main]INFO  pageObjectClasses.SignUpLoginPage - Clicked on login button
13:32:55.846 [main]INFO  stepDefinition.UserHomePageStepDef - User is verifying application is navigated to user Home Page
13:32:55.862 [main]INFO  pageObjectClasses.UserHomePage - User Home page is displayed
13:33:00.871 [main]INFO  pageObjectClasses.HomePage - Use Clicked on Products  Link successfully
13:33:00.871 [main]INFO  stepDefinition.PlaceOrderStepDef - User clicks on Products Link
13:33:01.226 [main]INFO  pageObjectClasses.ProductsSearchPage - Entered search item is :Blue top
13:33:01.226 [main]INFO  stepDefinition.PlaceOrderStepDef - User enters the search item
13:33:05.908 [main]INFO  pageObjectClasses.ProductsSearchPage - User Clicked on Search button successfully
13:33:05.908 [main]INFO  stepDefinition.PlaceOrderStepDef - User clicks on search button
13:33:07.325 [main]INFO  pageObjectClasses.ProductsSearchPage - Clicked on view Product button successfully
13:33:07.328 [main]INFO  stepDefinition.PlaceOrderStepDef - User clicks on view product button from search result
13:33:07.348 [main]INFO  pageObjectClasses.ProductDetailsPage - Products Details page is displayed
13:33:07.348 [main]INFO  stepDefinition.PlaceOrderStepDef - Verify user is in Product Details Page
13:33:07.654 [main]INFO  pageObjectClasses.ProductDetailsPage - Clicked on add To Cart button successfully
13:33:07.654 [main]INFO  stepDefinition.PlaceOrderStepDef - User clicks on Add To Cart Button
13:33:08.045 [main]INFO  pageObjectClasses.ProductDetailsPage - Clicked on continue shopping button successfully
13:33:08.045 [main]INFO  stepDefinition.PlaceOrderStepDef - User clicks on Continue Shopping Button
13:33:08.048 [main]INFO  stepDefinition.PlaceOrderStepDef - user clicks on cart link
13:33:09.408 [main]INFO  pageObjectClasses.ProductDetailsPage - Clicked on View Cart Link successfully
13:33:09.417 [main]INFO  stepDefinition.PlaceOrderStepDef - user verifies the application is in View Cart page
13:33:09.432 [main]INFO  pageObjectClasses.ViewCartPage - View Cart page is displayed
13:33:09.438 [main]INFO  stepDefinition.PlaceOrderStepDef - Verify if added item is in cart
13:33:09.507 [main]INFO  pageObjectClasses.ViewCartPage - Added item is present in cart
13:33:09.508 [main]INFO  stepDefinition.PlaceOrderStepDef - user clicks on Proceed To Checkout button
13:33:10.908 [main]INFO  pageObjectClasses.ViewCartPage - Clicked on proceed To Check Out link
13:33:53.841 [main]INFO  automationUtilities.BrowserFactory - Browser is chrome
13:33:58.739 [main]INFO  stepDefinition.OpenLogInPageStepDef - User trying to  navigate to application
13:34:02.044 [main]INFO  automationUtilities.BaseSteps - Navigated to application
13:34:02.089 [main]INFO  stepDefinition.OpenLogInPageStepDef - User  trying to click on log in link
13:34:03.524 [main]INFO  pageObjectClasses.HomePage - Clicked on SignUp Or Login Link
13:34:03.524 [main]INFO  stepDefinition.SignUpLogInPageStepDef - Verifying SignUp/Login Page is displayed
13:34:03.554 [main]INFO  pageObjectClasses.SignUpLoginPage - SignUp Or Login page is displayed
13:34:03.565 [main]INFO  stepDefinition.SignUpLogInPageStepDef - User is entering user Name and password
13:34:04.136 [main]INFO  pageObjectClasses.SignUpLoginPage - Entered User name as :testmiuser@gmail.com
13:34:04.320 [main]INFO  pageObjectClasses.SignUpLoginPage - Entered password is  :Testmiuser@01
13:34:04.320 [main]INFO  stepDefinition.SignUpLogInPageStepDef - user is clicking on Login button
13:34:06.397 [main]INFO  pageObjectClasses.SignUpLoginPage - Clicked on login button
13:34:06.404 [main]INFO  stepDefinition.UserHomePageStepDef - User is verifying application is navigated to user Home Page
13:34:06.421 [main]INFO  pageObjectClasses.UserHomePage - User Home page is displayed
13:34:07.957 [main]INFO  pageObjectClasses.HomePage - Use Clicked on Products  Link successfully
13:34:07.957 [main]INFO  stepDefinition.PlaceOrderStepDef - User clicks on Products Link
13:34:08.234 [main]INFO  pageObjectClasses.ProductsSearchPage - Entered search item is :Blue top
13:34:08.234 [main]INFO  stepDefinition.PlaceOrderStepDef - User enters the search item
13:34:10.057 [main]INFO  pageObjectClasses.ProductsSearchPage - User Clicked on Search button successfully
13:34:10.057 [main]INFO  stepDefinition.PlaceOrderStepDef - User clicks on search button
13:34:11.542 [main]INFO  pageObjectClasses.ProductsSearchPage - Clicked on view Product button successfully
13:34:11.542 [main]INFO  stepDefinition.PlaceOrderStepDef - User clicks on view product button from search result
13:34:11.568 [main]INFO  pageObjectClasses.ProductDetailsPage - Products Details page is displayed
13:34:11.568 [main]INFO  stepDefinition.PlaceOrderStepDef - Verify user is in Product Details Page
13:34:11.825 [main]INFO  pageObjectClasses.ProductDetailsPage - Clicked on add To Cart button successfully
13:34:11.825 [main]INFO  stepDefinition.PlaceOrderStepDef - User clicks on Add To Cart Button
13:34:12.242 [main]INFO  pageObjectClasses.ProductDetailsPage - Clicked on continue shopping button successfully
13:34:12.242 [main]INFO  stepDefinition.PlaceOrderStepDef - User clicks on Continue Shopping Button
13:34:12.249 [main]INFO  stepDefinition.PlaceOrderStepDef - user clicks on cart link
13:34:13.403 [main]INFO  pageObjectClasses.ProductDetailsPage - Clicked on View Cart Link successfully
13:34:13.408 [main]INFO  stepDefinition.PlaceOrderStepDef - user verifies the application is in View Cart page
13:34:13.424 [main]INFO  pageObjectClasses.ViewCartPage - View Cart page is displayed
13:34:13.424 [main]INFO  stepDefinition.PlaceOrderStepDef - Verify if added item is in cart
13:34:13.573 [main]INFO  pageObjectClasses.ViewCartPage - Added item is present in cart
13:34:13.573 [main]INFO  stepDefinition.PlaceOrderStepDef - user clicks on Proceed To Checkout button
13:34:14.798 [main]INFO  pageObjectClasses.ViewCartPage - Clicked on proceed To Check Out link
13:34:16.047 [main]INFO  pageObjectClasses.CheckoutPage - Clicked on Place Order button
13:34:16.072 [main]INFO  pageObjectClasses.PaymentPage - Payment page is displayed
13:34:17.100 [main]INFO  pageObjectClasses.PaymentPage - Payment Details are entered
13:34:17.306 [main]INFO  pageObjectClasses.PaymentPage - Successfully clicked on Pay and Confirm Order
13:34:19.762 [main]INFO  pageObjectClasses.OrderConfirmationPage - Order confirmation page is displayed
14:02:09.885 [main]INFO  automationUtilities.BrowserFactory - Browser is chrome
14:02:15.511 [main]INFO  stepDefinition.OpenLogInPageStepDef - User trying to  navigate to application
14:02:28.576 [main]INFO  automationUtilities.BaseSteps - Navigated to application
14:02:28.652 [main]INFO  stepDefinition.OpenLogInPageStepDef - User  trying to click on log in link
14:02:30.700 [main]INFO  pageObjectClasses.HomePage - Clicked on SignUp Or Login Link
14:02:30.702 [main]INFO  stepDefinition.SignUpLogInPageStepDef - Verifying SignUp/Login Page is displayed
14:02:30.724 [main]INFO  pageObjectClasses.SignUpLoginPage - SignUp Or Login page is displayed
14:02:30.734 [main]INFO  stepDefinition.SignUpLogInPageStepDef - User is entering user Name and password
14:02:31.044 [main]INFO  pageObjectClasses.SignUpLoginPage - Entered User name as :testmiuser@gmail.com
14:02:31.237 [main]INFO  pageObjectClasses.SignUpLoginPage - Entered password is  :Testmiuser@01
14:02:31.238 [main]INFO  stepDefinition.SignUpLogInPageStepDef - user is clicking on Login button
14:02:33.277 [main]INFO  pageObjectClasses.SignUpLoginPage - Clicked on login button
14:02:33.278 [main]INFO  stepDefinition.UserHomePageStepDef - User is verifying application is navigated to user Home Page
14:02:33.299 [main]INFO  pageObjectClasses.UserHomePage - User Home page is displayed
14:02:34.720 [main]INFO  pageObjectClasses.HomePage - Use Clicked on Products  Link successfully
14:02:34.721 [main]INFO  stepDefinition.PlaceOrderStepDef - User clicks on Products Link
14:02:35.002 [main]INFO  pageObjectClasses.ProductsSearchPage - Entered search item is :Blue top
14:02:35.003 [main]INFO  stepDefinition.PlaceOrderStepDef - User enters the search item
14:02:36.381 [main]INFO  pageObjectClasses.ProductsSearchPage - User Clicked on Search button successfully
14:02:36.383 [main]INFO  stepDefinition.PlaceOrderStepDef - User clicks on search button
14:02:37.896 [main]INFO  pageObjectClasses.ProductsSearchPage - Clicked on view Product button successfully
14:02:37.896 [main]INFO  stepDefinition.PlaceOrderStepDef - User clicks on view product button from search result
14:02:37.920 [main]INFO  pageObjectClasses.ProductDetailsPage - Products Details page is displayed
14:02:37.920 [main]INFO  stepDefinition.PlaceOrderStepDef - Verify user is in Product Details Page
14:02:38.194 [main]INFO  pageObjectClasses.ProductDetailsPage - Clicked on add To Cart button successfully
14:02:38.194 [main]INFO  stepDefinition.PlaceOrderStepDef - User clicks on Add To Cart Button
14:02:38.613 [main]INFO  pageObjectClasses.ProductDetailsPage - Clicked on continue shopping button successfully
14:02:38.615 [main]INFO  stepDefinition.PlaceOrderStepDef - User clicks on Continue Shopping Button
14:02:38.615 [main]INFO  stepDefinition.PlaceOrderStepDef - user clicks on cart link
14:02:39.905 [main]INFO  pageObjectClasses.ProductDetailsPage - Clicked on View Cart Link successfully
14:02:39.907 [main]INFO  stepDefinition.PlaceOrderStepDef - user verifies the application is in View Cart page
14:02:39.930 [main]INFO  pageObjectClasses.ViewCartPage - View Cart page is displayed
14:02:39.930 [main]INFO  stepDefinition.PlaceOrderStepDef - Verify if added item is in cart
14:02:40.003 [main]INFO  pageObjectClasses.ViewCartPage - Added item is present in cart
14:02:40.003 [main]INFO  stepDefinition.PlaceOrderStepDef - user clicks on Proceed To Checkout button
14:02:41.477 [main]INFO  pageObjectClasses.ViewCartPage - Clicked on proceed To Check Out link
14:02:42.977 [main]INFO  pageObjectClasses.CheckoutPage - Clicked on Place Order button
14:02:43.009 [main]INFO  pageObjectClasses.PaymentPage - Payment page is displayed
14:02:44.130 [main]INFO  pageObjectClasses.PaymentPage - Payment Details are entered
14:02:44.298 [main]INFO  pageObjectClasses.PaymentPage - Successfully clicked on Pay and Confirm Order
14:02:47.144 [main]INFO  pageObjectClasses.OrderConfirmationPage - Order confirmation page is displayed
14:09:56.116 [pool-3-thread-1]INFO  automationUtilities.BrowserFactory - Browser is chrome
14:10:04.979 [pool-3-thread-3]INFO  stepDefinition.OpenLogInPageStepDef - User trying to  navigate to application
14:10:04.980 [pool-3-thread-2]INFO  stepDefinition.OpenLogInPageStepDef - User trying to  navigate to application
14:10:04.986 [pool-3-thread-1]INFO  stepDefinition.OpenLogInPageStepDef - User trying to  navigate to application
14:10:12.018 [pool-3-thread-3]INFO  automationUtilities.BaseSteps - Navigated to application
14:10:12.117 [pool-3-thread-3]INFO  stepDefinition.OpenLogInPageStepDef - User  trying to click on log in link
14:10:13.873 [pool-3-thread-3]INFO  pageObjectClasses.HomePage - Clicked on SignUp Or Login Link
14:10:13.879 [pool-3-thread-3]INFO  stepDefinition.SignUpLogInPageStepDef - Verifying SignUp/Login Page is displayed
14:10:13.907 [pool-3-thread-3]INFO  pageObjectClasses.SignUpLoginPage - SignUp Or Login page is displayed
14:10:13.915 [pool-3-thread-3]INFO  stepDefinition.SignUpLogInPageStepDef - User is entering user Name and password
14:10:14.778 [pool-3-thread-3]INFO  pageObjectClasses.SignUpLoginPage - Entered User name as :testmiuser@gmail.com
14:10:14.987 [pool-3-thread-3]INFO  pageObjectClasses.SignUpLoginPage - Entered password is  :Testmiuser@01
14:10:14.987 [pool-3-thread-3]INFO  stepDefinition.SignUpLogInPageStepDef - user is clicking on Login button
14:10:18.334 [pool-3-thread-3]INFO  pageObjectClasses.SignUpLoginPage - Clicked on login button
14:10:18.336 [pool-3-thread-3]INFO  stepDefinition.UserHomePageStepDef - User is verifying application is navigated to user Home Page
14:10:18.367 [pool-3-thread-3]INFO  pageObjectClasses.UserHomePage - User Home page is displayed
14:10:18.373 [pool-3-thread-3]INFO  stepDefinition.UserHomePageStepDef - User is trying to click on logout link
14:10:20.567 [pool-3-thread-3]INFO  pageObjectClasses.UserHomePage - Clicked on logout link
14:10:22.009 [pool-3-thread-1]INFO  automationUtilities.BaseSteps - Navigated to application
14:10:22.013 [pool-3-thread-1]INFO  stepDefinition.OpenLogInPageStepDef - User  trying to click on log in link
14:10:24.082 [pool-3-thread-1]INFO  pageObjectClasses.HomePage - Clicked on SignUp Or Login Link
14:10:24.094 [pool-3-thread-1]INFO  stepDefinition.SignUpLogInPageStepDef - Verifying SignUp/Login Page is displayed
14:10:24.105 [pool-3-thread-1]INFO  pageObjectClasses.SignUpLoginPage - SignUp Or Login page is displayed
14:10:51.303 [pool-3-thread-2]INFO  automationUtilities.BaseSteps - Navigated to application
14:10:51.305 [pool-3-thread-2]INFO  stepDefinition.OpenLogInPageStepDef - User  trying to click on log in link
14:10:53.604 [pool-3-thread-2]INFO  pageObjectClasses.HomePage - Clicked on SignUp Or Login Link
14:10:53.605 [pool-3-thread-2]INFO  stepDefinition.SignUpLogInPageStepDef - Verifying SignUp/Login Page is displayed
14:10:53.627 [pool-3-thread-2]INFO  pageObjectClasses.SignUpLoginPage - SignUp Or Login page is displayed
14:10:53.629 [pool-3-thread-2]INFO  stepDefinition.SignUpLogInPageStepDef - User is entering user Name and password
14:10:53.951 [pool-3-thread-2]INFO  pageObjectClasses.SignUpLoginPage - Entered User name as :testmiuser@gmail.com
14:10:54.104 [pool-3-thread-2]INFO  pageObjectClasses.SignUpLoginPage - Entered password is  :Testmiuser@01
14:10:54.107 [pool-3-thread-2]INFO  stepDefinition.SignUpLogInPageStepDef - user is clicking on Login button
14:10:54.255 [pool-3-thread-2]INFO  pageObjectClasses.SignUpLoginPage - Clicked on login button
14:10:54.258 [pool-3-thread-2]INFO  stepDefinition.UserHomePageStepDef - User is verifying application is navigated to user Home Page
14:11:24.747 [pool-3-thread-2]INFO  pageObjectClasses.UserHomePage - User Home page is displayed
14:12:19.157 [pool-3-thread-2]INFO  pageObjectClasses.HomePage - Use Clicked on Products  Link successfully
14:12:19.157 [pool-3-thread-2]INFO  stepDefinition.PlaceOrderStepDef - User clicks on Products Link
14:13:46.957 [pool-3-thread-2]INFO  automationUtilities.BrowserFactory - Browser is chrome
14:13:54.113 [pool-3-thread-3]INFO  stepDefinition.OpenLogInPageStepDef - User trying to  navigate to application
14:13:54.135 [pool-3-thread-2]INFO  stepDefinition.OpenLogInPageStepDef - User trying to  navigate to application
14:13:54.137 [pool-3-thread-1]INFO  stepDefinition.OpenLogInPageStepDef - User trying to  navigate to application
14:14:02.798 [pool-3-thread-2]INFO  automationUtilities.BaseSteps - Navigated to application
14:14:02.878 [pool-3-thread-2]INFO  stepDefinition.OpenLogInPageStepDef - User  trying to click on log in link
14:14:05.142 [pool-3-thread-2]INFO  pageObjectClasses.HomePage - Clicked on SignUp Or Login Link
14:14:05.148 [pool-3-thread-2]INFO  stepDefinition.SignUpLogInPageStepDef - Verifying SignUp/Login Page is displayed
14:14:05.183 [pool-3-thread-2]INFO  pageObjectClasses.SignUpLoginPage - SignUp Or Login page is displayed
14:14:05.194 [pool-3-thread-2]INFO  stepDefinition.SignUpLogInPageStepDef - User is entering user Name and password
14:14:06.159 [pool-3-thread-2]INFO  pageObjectClasses.SignUpLoginPage - Entered User name as :testmiuser@gmail.com
14:14:06.501 [pool-3-thread-2]INFO  pageObjectClasses.SignUpLoginPage - Entered password is  :Testmiuser@01
14:14:06.505 [pool-3-thread-2]INFO  stepDefinition.SignUpLogInPageStepDef - user is clicking on Login button
14:14:09.202 [pool-3-thread-2]INFO  pageObjectClasses.SignUpLoginPage - Clicked on login button
14:14:09.206 [pool-3-thread-2]INFO  stepDefinition.UserHomePageStepDef - User is verifying application is navigated to user Home Page
14:14:09.224 [pool-3-thread-2]INFO  pageObjectClasses.UserHomePage - User Home page is displayed
14:14:11.375 [pool-3-thread-2]INFO  pageObjectClasses.HomePage - Use Clicked on Products  Link successfully
14:14:11.376 [pool-3-thread-2]INFO  stepDefinition.PlaceOrderStepDef - User clicks on Products Link
14:14:11.763 [pool-3-thread-2]INFO  pageObjectClasses.ProductsSearchPage - Entered search item is :Blue top
14:14:11.764 [pool-3-thread-2]INFO  stepDefinition.PlaceOrderStepDef - User enters the search item
14:14:13.599 [pool-3-thread-2]INFO  pageObjectClasses.ProductsSearchPage - User Clicked on Search button successfully
14:14:13.600 [pool-3-thread-2]INFO  stepDefinition.PlaceOrderStepDef - User clicks on search button
14:14:15.417 [pool-3-thread-2]INFO  pageObjectClasses.ProductsSearchPage - Clicked on view Product button successfully
14:14:15.417 [pool-3-thread-2]INFO  stepDefinition.PlaceOrderStepDef - User clicks on view product button from search result
14:14:15.449 [pool-3-thread-2]INFO  pageObjectClasses.ProductDetailsPage - Products Details page is displayed
14:14:15.449 [pool-3-thread-2]INFO  stepDefinition.PlaceOrderStepDef - Verify user is in Product Details Page
14:14:15.855 [pool-3-thread-2]INFO  pageObjectClasses.ProductDetailsPage - Clicked on add To Cart button successfully
14:14:15.855 [pool-3-thread-2]INFO  stepDefinition.PlaceOrderStepDef - User clicks on Add To Cart Button
14:14:17.168 [pool-3-thread-2]INFO  pageObjectClasses.ProductDetailsPage - Clicked on continue shopping button successfully
14:14:17.169 [pool-3-thread-2]INFO  stepDefinition.PlaceOrderStepDef - User clicks on Continue Shopping Button
14:14:17.170 [pool-3-thread-2]INFO  stepDefinition.PlaceOrderStepDef - user clicks on cart link
14:14:18.861 [pool-3-thread-2]INFO  pageObjectClasses.ProductDetailsPage - Clicked on View Cart Link successfully
14:14:18.868 [pool-3-thread-2]INFO  stepDefinition.PlaceOrderStepDef - user verifies the application is in View Cart page
14:14:18.891 [pool-3-thread-2]INFO  pageObjectClasses.ViewCartPage - View Cart page is displayed
14:14:18.895 [pool-3-thread-2]INFO  stepDefinition.PlaceOrderStepDef - Verify if added item is in cart
14:14:19.463 [pool-3-thread-2]INFO  pageObjectClasses.ViewCartPage - Added item is present in cart
14:14:19.465 [pool-3-thread-2]INFO  stepDefinition.PlaceOrderStepDef - user clicks on Proceed To Checkout button
14:14:22.328 [pool-3-thread-2]INFO  pageObjectClasses.ViewCartPage - Clicked on proceed To Check Out link
14:14:24.582 [pool-3-thread-2]INFO  pageObjectClasses.CheckoutPage - Clicked on Place Order button
14:14:24.617 [pool-3-thread-2]INFO  pageObjectClasses.PaymentPage - Payment page is displayed
14:14:25.898 [pool-3-thread-2]INFO  pageObjectClasses.PaymentPage - Payment Details are entered
14:14:26.206 [pool-3-thread-2]INFO  pageObjectClasses.PaymentPage - Successfully clicked on Pay and Confirm Order
14:14:29.026 [pool-3-thread-2]INFO  pageObjectClasses.OrderConfirmationPage - Order confirmation page is displayed
14:14:37.300 [pool-3-thread-1]INFO  automationUtilities.BaseSteps - Navigated to application
14:14:37.303 [pool-3-thread-1]INFO  stepDefinition.OpenLogInPageStepDef - User  trying to click on log in link
14:14:39.829 [pool-3-thread-1]INFO  pageObjectClasses.HomePage - Clicked on SignUp Or Login Link
14:14:39.834 [pool-3-thread-1]INFO  stepDefinition.SignUpLogInPageStepDef - Verifying SignUp/Login Page is displayed
14:14:39.854 [pool-3-thread-1]INFO  pageObjectClasses.SignUpLoginPage - SignUp Or Login page is displayed
14:14:59.092 [pool-3-thread-3]INFO  automationUtilities.BaseSteps - Navigated to application
14:14:59.097 [pool-3-thread-3]INFO  stepDefinition.OpenLogInPageStepDef - User  trying to click on log in link
14:15:01.748 [pool-3-thread-3]INFO  pageObjectClasses.HomePage - Clicked on SignUp Or Login Link
14:15:01.750 [pool-3-thread-3]INFO  stepDefinition.SignUpLogInPageStepDef - Verifying SignUp/Login Page is displayed
14:15:01.772 [pool-3-thread-3]INFO  pageObjectClasses.SignUpLoginPage - SignUp Or Login page is displayed
14:15:01.774 [pool-3-thread-3]INFO  stepDefinition.SignUpLogInPageStepDef - User is entering user Name and password
14:15:02.086 [pool-3-thread-3]INFO  pageObjectClasses.SignUpLoginPage - Entered User name as :testmiuser@gmail.com
14:15:02.240 [pool-3-thread-3]INFO  pageObjectClasses.SignUpLoginPage - Entered password is  :Testmiuser@01
14:15:02.242 [pool-3-thread-3]INFO  stepDefinition.SignUpLogInPageStepDef - user is clicking on Login button
14:16:33.973 [pool-3-thread-3]INFO  pageObjectClasses.SignUpLoginPage - Clicked on login button
14:16:33.975 [pool-3-thread-3]INFO  stepDefinition.UserHomePageStepDef - User is verifying application is navigated to user Home Page
14:16:33.996 [pool-3-thread-3]INFO  pageObjectClasses.UserHomePage - User Home page is displayed
14:16:33.996 [pool-3-thread-3]INFO  stepDefinition.UserHomePageStepDef - User is trying to click on logout link
14:16:36.830 [pool-3-thread-3]INFO  pageObjectClasses.UserHomePage - Clicked on logout link
16:00:08.422 [main]INFO  automationUtilities.BrowserFactory - Browser is chrome
16:00:15.944 [main]INFO  stepDefinition.OpenLogInPageStepDef - User trying to  navigate to application
16:00:29.105 [main]INFO  automationUtilities.BaseSteps - Navigated to application
16:00:29.221 [main]INFO  stepDefinition.OpenLogInPageStepDef - User  trying to click on log in link
16:00:33.579 [main]INFO  pageObjectClasses.HomePage - Clicked on SignUp Or Login Link
16:00:33.588 [main]INFO  stepDefinition.SignUpLogInPageStepDef - Verifying SignUp/Login Page is displayed
16:00:33.640 [main]INFO  pageObjectClasses.SignUpLoginPage - SignUp Or Login page is displayed
16:00:35.362 [main]INFO  automationUtilities.BrowserFactory - Browser is chrome
16:00:39.583 [main]INFO  stepDefinition.OpenLogInPageStepDef - User trying to  navigate to application
16:00:43.412 [main]INFO  automationUtilities.BaseSteps - Navigated to application
16:00:43.417 [main]INFO  stepDefinition.OpenLogInPageStepDef - User  trying to click on log in link
16:00:44.962 [main]INFO  pageObjectClasses.HomePage - Clicked on SignUp Or Login Link
16:00:44.965 [main]INFO  stepDefinition.SignUpLogInPageStepDef - Verifying SignUp/Login Page is displayed
16:00:44.988 [main]INFO  pageObjectClasses.SignUpLoginPage - SignUp Or Login page is displayed
16:00:44.994 [main]INFO  stepDefinition.SignUpLogInPageStepDef - User is entering user Name and password
16:00:45.546 [main]INFO  pageObjectClasses.SignUpLoginPage - Entered User name as :testmiuser@gmail.com
16:00:45.729 [main]INFO  pageObjectClasses.SignUpLoginPage - Entered password is  :Testmiuser@01
16:00:45.734 [main]INFO  stepDefinition.SignUpLogInPageStepDef - user is clicking on Login button
16:00:47.867 [main]INFO  pageObjectClasses.SignUpLoginPage - Clicked on login button
16:00:47.871 [main]INFO  stepDefinition.UserHomePageStepDef - User is verifying application is navigated to user Home Page
16:00:47.901 [main]INFO  pageObjectClasses.UserHomePage - User Home page is displayed
16:00:49.876 [main]INFO  pageObjectClasses.HomePage - Use Clicked on Products  Link successfully
16:00:49.876 [main]INFO  stepDefinition.PlaceOrderStepDef - User clicks on Products Link
16:00:50.175 [main]INFO  pageObjectClasses.ProductsSearchPage - Entered search item is :Blue top
16:00:50.177 [main]INFO  stepDefinition.PlaceOrderStepDef - User enters the search item
16:00:51.714 [main]INFO  pageObjectClasses.ProductsSearchPage - User Clicked on Search button successfully
16:00:51.714 [main]INFO  stepDefinition.PlaceOrderStepDef - User clicks on search button
16:00:53.226 [main]INFO  pageObjectClasses.ProductsSearchPage - Clicked on view Product button successfully
16:00:53.227 [main]INFO  stepDefinition.PlaceOrderStepDef - User clicks on view product button from search result
16:00:53.265 [main]INFO  pageObjectClasses.ProductDetailsPage - Products Details page is displayed
16:00:53.266 [main]INFO  stepDefinition.PlaceOrderStepDef - Verify user is in Product Details Page
16:00:53.534 [main]INFO  pageObjectClasses.ProductDetailsPage - Clicked on add To Cart button successfully
16:00:53.535 [main]INFO  stepDefinition.PlaceOrderStepDef - User clicks on Add To Cart Button
16:00:54.014 [main]INFO  pageObjectClasses.ProductDetailsPage - Clicked on continue shopping button successfully
16:00:54.014 [main]INFO  stepDefinition.PlaceOrderStepDef - User clicks on Continue Shopping Button
16:00:54.018 [main]INFO  stepDefinition.PlaceOrderStepDef - user clicks on cart link
16:00:55.482 [main]INFO  pageObjectClasses.ProductDetailsPage - Clicked on View Cart Link successfully
16:00:55.500 [main]INFO  stepDefinition.PlaceOrderStepDef - user verifies the application is in View Cart page
16:00:55.521 [main]INFO  pageObjectClasses.ViewCartPage - View Cart page is displayed
16:00:55.524 [main]INFO  stepDefinition.PlaceOrderStepDef - Verify if added item is in cart
16:00:55.703 [main]INFO  pageObjectClasses.ViewCartPage - Added item is present in cart
16:00:55.705 [main]INFO  stepDefinition.PlaceOrderStepDef - user clicks on Proceed To Checkout button
16:00:57.150 [main]INFO  pageObjectClasses.ViewCartPage - Clicked on proceed To Check Out link
16:00:58.700 [main]INFO  pageObjectClasses.CheckoutPage - Clicked on Place Order button
16:00:58.735 [main]INFO  pageObjectClasses.PaymentPage - Payment page is displayed
16:00:59.747 [main]INFO  pageObjectClasses.PaymentPage - Payment Details are entered
16:01:02.542 [main]INFO  pageObjectClasses.PaymentPage - Successfully clicked on Pay and Confirm Order
16:01:02.569 [main]INFO  pageObjectClasses.OrderConfirmationPage - Order confirmation page is displayed
16:01:03.704 [main]INFO  automationUtilities.BrowserFactory - Browser is chrome
16:01:07.124 [main]INFO  stepDefinition.OpenLogInPageStepDef - User trying to  navigate to application
16:01:21.922 [main]INFO  automationUtilities.BaseSteps - Navigated to application
16:01:21.926 [main]INFO  stepDefinition.OpenLogInPageStepDef - User  trying to click on log in link
16:01:24.022 [main]INFO  pageObjectClasses.HomePage - Clicked on SignUp Or Login Link
16:01:24.026 [main]INFO  stepDefinition.SignUpLogInPageStepDef - Verifying SignUp/Login Page is displayed
16:01:24.047 [main]INFO  pageObjectClasses.SignUpLoginPage - SignUp Or Login page is displayed
16:01:24.049 [main]INFO  stepDefinition.SignUpLogInPageStepDef - User is entering user Name and password
16:01:24.358 [main]INFO  pageObjectClasses.SignUpLoginPage - Entered User name as :testmiuser@gmail.com
16:01:24.522 [main]INFO  pageObjectClasses.SignUpLoginPage - Entered password is  :Testmiuser@01
16:01:24.524 [main]INFO  stepDefinition.SignUpLogInPageStepDef - user is clicking on Login button
16:01:24.685 [main]INFO  pageObjectClasses.SignUpLoginPage - Clicked on login button
16:01:24.688 [main]INFO  stepDefinition.UserHomePageStepDef - User is verifying application is navigated to user Home Page
16:01:36.071 [main]INFO  pageObjectClasses.UserHomePage - User Home page is displayed
16:01:36.073 [main]INFO  stepDefinition.UserHomePageStepDef - User is trying to click on logout link
16:01:38.814 [main]INFO  pageObjectClasses.UserHomePage - Clicked on logout link
16:03:14.682 [main]INFO  automationUtilities.BrowserFactory - Browser is chrome
16:03:19.317 [main]INFO  stepDefinition.OpenLogInPageStepDef - User trying to  navigate to application
16:03:25.333 [main]INFO  automationUtilities.BaseSteps - Navigated to application
16:03:25.392 [main]INFO  stepDefinition.OpenLogInPageStepDef - User  trying to click on log in link
16:03:27.578 [main]INFO  pageObjectClasses.HomePage - Clicked on SignUp Or Login Link
16:03:27.579 [main]INFO  stepDefinition.SignUpLogInPageStepDef - Verifying SignUp/Login Page is displayed
16:03:27.602 [main]INFO  pageObjectClasses.SignUpLoginPage - SignUp Or Login page is displayed
16:03:27.614 [main]INFO  stepDefinition.SignUpLogInPageStepDef - User is entering user Name and password
16:03:27.867 [main]INFO  pageObjectClasses.SignUpLoginPage - Entered User name as :testmiuser@gmail.com
16:03:28.036 [main]INFO  pageObjectClasses.SignUpLoginPage - Entered password is  :Testmiuser@01
16:03:28.039 [main]INFO  stepDefinition.SignUpLogInPageStepDef - user is clicking on Login button
16:03:28.209 [main]INFO  pageObjectClasses.SignUpLoginPage - Clicked on login button
16:03:28.217 [main]INFO  stepDefinition.UserHomePageStepDef - User is verifying application is navigated to user Home Page
16:03:30.238 [main]INFO  pageObjectClasses.UserHomePage - User Home page is displayed
16:03:31.679 [main]INFO  pageObjectClasses.HomePage - Use Clicked on Products  Link successfully
16:03:31.679 [main]INFO  stepDefinition.PlaceOrderStepDef - User clicks on Products Link
16:03:31.873 [main]INFO  pageObjectClasses.ProductsSearchPage - Entered search item is :Blue top
16:03:31.873 [main]INFO  stepDefinition.PlaceOrderStepDef - User enters the search item
16:03:33.203 [main]INFO  pageObjectClasses.ProductsSearchPage - User Clicked on Search button successfully
16:03:33.204 [main]INFO  stepDefinition.PlaceOrderStepDef - User clicks on search button
16:03:34.631 [main]INFO  pageObjectClasses.ProductsSearchPage - Clicked on view Product button successfully
16:03:34.631 [main]INFO  stepDefinition.PlaceOrderStepDef - User clicks on view product button from search result
16:03:34.657 [main]INFO  pageObjectClasses.ProductDetailsPage - Products Details page is displayed
16:03:34.658 [main]INFO  stepDefinition.PlaceOrderStepDef - Verify user is in Product Details Page
16:03:34.854 [main]INFO  pageObjectClasses.ProductDetailsPage - Clicked on add To Cart button successfully
16:03:34.855 [main]INFO  stepDefinition.PlaceOrderStepDef - User clicks on Add To Cart Button
16:03:35.413 [main]INFO  pageObjectClasses.ProductDetailsPage - Clicked on continue shopping button successfully
16:03:35.413 [main]INFO  stepDefinition.PlaceOrderStepDef - User clicks on Continue Shopping Button
16:03:35.416 [main]INFO  stepDefinition.PlaceOrderStepDef - user clicks on cart link
16:03:36.893 [main]INFO  pageObjectClasses.ProductDetailsPage - Clicked on View Cart Link successfully
16:03:36.896 [main]INFO  stepDefinition.PlaceOrderStepDef - user verifies the application is in View Cart page
16:03:36.916 [main]INFO  pageObjectClasses.ViewCartPage - View Cart page is displayed
16:03:36.917 [main]INFO  stepDefinition.PlaceOrderStepDef - Verify if added item is in cart
16:03:36.989 [main]INFO  pageObjectClasses.ViewCartPage - Added item is present in cart
16:03:36.989 [main]INFO  stepDefinition.PlaceOrderStepDef - user clicks on Proceed To Checkout button
16:03:38.399 [main]INFO  pageObjectClasses.ViewCartPage - Clicked on proceed To Check Out link
16:03:40.455 [main]INFO  pageObjectClasses.CheckoutPage - Clicked on Place Order button
16:03:40.483 [main]INFO  pageObjectClasses.PaymentPage - Payment page is displayed
16:03:41.488 [main]INFO  pageObjectClasses.PaymentPage - Payment Details are entered
16:03:44.365 [main]INFO  pageObjectClasses.PaymentPage - Successfully clicked on Pay and Confirm Order
16:03:44.391 [main]INFO  pageObjectClasses.OrderConfirmationPage - Order confirmation page is displayed
16:03:45.629 [main]INFO  automationUtilities.BrowserFactory - Browser is chrome
16:03:49.285 [main]INFO  stepDefinition.OpenLogInPageStepDef - User trying to  navigate to application
16:05:29.913 [main]INFO  automationUtilities.BaseSteps - Navigated to application
16:05:29.915 [main]INFO  stepDefinition.OpenLogInPageStepDef - User  trying to click on log in link
16:05:32.304 [main]INFO  pageObjectClasses.HomePage - Clicked on SignUp Or Login Link
16:05:32.305 [main]INFO  stepDefinition.SignUpLogInPageStepDef - Verifying SignUp/Login Page is displayed
16:05:32.331 [main]INFO  pageObjectClasses.SignUpLoginPage - SignUp Or Login page is displayed
16:05:32.334 [main]INFO  stepDefinition.SignUpLogInPageStepDef - User is entering user Name and password
16:05:32.712 [main]INFO  pageObjectClasses.SignUpLoginPage - Entered User name as :testmiuser@gmail.com
16:05:32.887 [main]INFO  pageObjectClasses.SignUpLoginPage - Entered password is  :Testmiuser@01
16:05:32.889 [main]INFO  stepDefinition.SignUpLogInPageStepDef - user is clicking on Login button
16:05:33.069 [main]INFO  pageObjectClasses.SignUpLoginPage - Clicked on login button
16:05:33.070 [main]INFO  stepDefinition.UserHomePageStepDef - User is verifying application is navigated to user Home Page
16:06:27.564 [main]INFO  pageObjectClasses.UserHomePage - User Home page is not displayed
19:34:52.928 [main]INFO  automationUtilities.BrowserFactory - Browser is chrome
19:35:00.601 [main]INFO  stepDefinition.OpenLogInPageStepDef - User trying to  navigate to application
19:35:04.711 [main]INFO  automationUtilities.BaseSteps - Navigated to application
19:35:04.751 [main]INFO  stepDefinition.OpenLogInPageStepDef - User  trying to click on log in link
19:35:06.463 [main]INFO  pageObjectClasses.HomePage - Clicked on SignUp Or Login Link
19:35:06.465 [main]INFO  stepDefinition.SignUpLogInPageStepDef - Verifying SignUp/Login Page is displayed
19:35:06.502 [main]INFO  pageObjectClasses.SignUpLoginPage - SignUp Or Login page is displayed
19:35:06.521 [main]INFO  stepDefinition.SignUpLogInPageStepDef - User is entering user Name and password
19:35:07.167 [main]INFO  pageObjectClasses.SignUpLoginPage - Entered User name as :testmiuser@gmail.com
19:35:07.400 [main]INFO  pageObjectClasses.SignUpLoginPage - Entered password is  :Testmiuser@01
19:35:07.413 [main]INFO  stepDefinition.SignUpLogInPageStepDef - user is clicking on Login button
19:35:10.221 [main]INFO  pageObjectClasses.SignUpLoginPage - Clicked on login button
19:35:10.228 [main]INFO  stepDefinition.UserHomePageStepDef - User is verifying application is navigated to user Home Page
19:35:10.245 [main]INFO  pageObjectClasses.UserHomePage - User Home page is displayed
19:35:12.643 [main]INFO  pageObjectClasses.HomePage - Use Clicked on Products  Link successfully
19:35:12.643 [main]INFO  stepDefinition.PlaceOrderStepDef - User clicks on Products Link
19:35:12.958 [main]INFO  pageObjectClasses.ProductsSearchPage - Entered search item is :Blue top
19:35:12.960 [main]INFO  stepDefinition.PlaceOrderStepDef - User enters the search item
19:35:14.338 [main]INFO  pageObjectClasses.ProductsSearchPage - User Clicked on Search button successfully
19:35:14.341 [main]INFO  stepDefinition.PlaceOrderStepDef - User clicks on search button
19:35:15.959 [main]INFO  pageObjectClasses.ProductsSearchPage - Clicked on view Product button successfully
19:35:15.959 [main]INFO  stepDefinition.PlaceOrderStepDef - User clicks on view product button from search result
19:35:16.001 [main]INFO  pageObjectClasses.ProductDetailsPage - Products Details page is displayed
19:35:16.003 [main]INFO  stepDefinition.PlaceOrderStepDef - Verify user is in Product Details Page
19:35:16.322 [main]INFO  pageObjectClasses.ProductDetailsPage - Clicked on add To Cart button successfully
19:35:16.322 [main]INFO  stepDefinition.PlaceOrderStepDef - User clicks on Add To Cart Button
19:35:16.839 [main]INFO  pageObjectClasses.ProductDetailsPage - Clicked on continue shopping button successfully
19:35:16.839 [main]INFO  stepDefinition.PlaceOrderStepDef - User clicks on Continue Shopping Button
19:35:16.839 [main]INFO  stepDefinition.PlaceOrderStepDef - user clicks on cart link
19:35:18.465 [main]INFO  pageObjectClasses.ProductDetailsPage - Clicked on View Cart Link successfully
19:35:18.465 [main]INFO  stepDefinition.PlaceOrderStepDef - user verifies the application is in View Cart page
19:35:18.489 [main]INFO  pageObjectClasses.ViewCartPage - View Cart page is displayed
19:35:18.496 [main]INFO  stepDefinition.PlaceOrderStepDef - Verify if added item is in cart
19:35:18.565 [main]INFO  pageObjectClasses.ViewCartPage - Added item is present in cart
19:35:18.568 [main]INFO  stepDefinition.PlaceOrderStepDef - user clicks on Proceed To Checkout button
19:35:19.978 [main]INFO  pageObjectClasses.ViewCartPage - Clicked on proceed To Check Out link
19:35:21.464 [main]INFO  pageObjectClasses.CheckoutPage - Clicked on Place Order button
19:35:21.493 [main]INFO  pageObjectClasses.PaymentPage - Payment page is displayed
19:35:22.488 [main]INFO  pageObjectClasses.PaymentPage - Payment Details are entered
19:35:22.698 [main]INFO  pageObjectClasses.PaymentPage - Successfully clicked on Pay and Confirm Order
19:35:25.186 [main]INFO  pageObjectClasses.OrderConfirmationPage - Order confirmation page is displayed
19:35:29.207 [main]INFO  automationUtilities.BrowserFactory - Browser is chrome
19:35:33.098 [main]INFO  stepDefinition.OpenLogInPageStepDef - User trying to  navigate to application
19:35:36.968 [main]INFO  automationUtilities.BaseSteps - Navigated to application
19:35:36.969 [main]INFO  stepDefinition.OpenLogInPageStepDef - User  trying to click on log in link
19:35:38.570 [main]INFO  pageObjectClasses.HomePage - Clicked on SignUp Or Login Link
19:35:38.570 [main]INFO  stepDefinition.SignUpLogInPageStepDef - Verifying SignUp/Login Page is displayed
19:35:38.586 [main]INFO  pageObjectClasses.SignUpLoginPage - SignUp Or Login page is displayed
19:35:38.586 [main]INFO  stepDefinition.SignUpLogInPageStepDef - User is entering user Name and password
19:35:39.140 [main]INFO  pageObjectClasses.SignUpLoginPage - Entered User name as :testmiuser@gmail.com
19:35:39.328 [main]INFO  pageObjectClasses.SignUpLoginPage - Entered password is  :Testmiuser@01
19:35:39.328 [main]INFO  stepDefinition.SignUpLogInPageStepDef - user is clicking on Login button
19:35:41.575 [main]INFO  pageObjectClasses.SignUpLoginPage - Clicked on login button
19:35:41.575 [main]INFO  stepDefinition.UserHomePageStepDef - User is verifying application is navigated to user Home Page
19:35:41.598 [main]INFO  pageObjectClasses.UserHomePage - User Home page is displayed
19:35:43.225 [main]INFO  pageObjectClasses.HomePage - Use Clicked on Products  Link successfully
19:35:43.227 [main]INFO  stepDefinition.PlaceOrderStepDef - User clicks on Products Link
19:35:43.518 [main]INFO  pageObjectClasses.ProductsSearchPage - Entered search item is :winter top
19:35:43.518 [main]INFO  stepDefinition.PlaceOrderStepDef - User enters the search item
19:35:44.850 [main]INFO  pageObjectClasses.ProductsSearchPage - User Clicked on Search button successfully
19:35:44.850 [main]INFO  stepDefinition.PlaceOrderStepDef - User clicks on search button
19:37:36.317 [main]INFO  automationUtilities.BrowserFactory - Browser is chrome
19:37:41.093 [main]INFO  stepDefinition.OpenLogInPageStepDef - User trying to  navigate to application
19:37:45.208 [main]INFO  automationUtilities.BaseSteps - Navigated to application
19:37:45.324 [main]INFO  stepDefinition.OpenLogInPageStepDef - User  trying to click on log in link
19:37:46.907 [main]INFO  pageObjectClasses.HomePage - Clicked on SignUp Or Login Link
19:37:46.910 [main]INFO  stepDefinition.SignUpLogInPageStepDef - Verifying SignUp/Login Page is displayed
19:37:46.937 [main]INFO  pageObjectClasses.SignUpLoginPage - SignUp Or Login page is displayed
19:37:46.952 [main]INFO  stepDefinition.SignUpLogInPageStepDef - User is entering user Name and password
19:37:47.483 [main]INFO  pageObjectClasses.SignUpLoginPage - Entered User name as :testmiuser@gmail.com
19:37:47.719 [main]INFO  pageObjectClasses.SignUpLoginPage - Entered password is  :Testmiuser@01
19:37:47.722 [main]INFO  stepDefinition.SignUpLogInPageStepDef - user is clicking on Login button
19:37:50.423 [main]INFO  pageObjectClasses.SignUpLoginPage - Clicked on login button
19:37:50.425 [main]INFO  stepDefinition.UserHomePageStepDef - User is verifying application is navigated to user Home Page
19:37:50.446 [main]INFO  pageObjectClasses.UserHomePage - User Home page is displayed
19:37:52.247 [main]INFO  pageObjectClasses.HomePage - Use Clicked on Products  Link successfully
19:37:52.249 [main]INFO  stepDefinition.PlaceOrderStepDef - User clicks on Products Link
19:37:52.512 [main]INFO  pageObjectClasses.ProductsSearchPage - Entered search item is :Blue top
19:37:52.513 [main]INFO  stepDefinition.PlaceOrderStepDef - User enters the search item
19:37:53.977 [main]INFO  pageObjectClasses.ProductsSearchPage - User Clicked on Search button successfully
19:37:53.977 [main]INFO  stepDefinition.PlaceOrderStepDef - User clicks on search button
19:37:55.454 [main]INFO  pageObjectClasses.ProductsSearchPage - Clicked on view Product button successfully
19:37:55.454 [main]INFO  stepDefinition.PlaceOrderStepDef - User clicks on view product button from search result
19:37:55.475 [main]INFO  pageObjectClasses.ProductDetailsPage - Products Details page is displayed
19:37:55.475 [main]INFO  stepDefinition.PlaceOrderStepDef - Verify user is in Product Details Page
19:37:55.779 [main]INFO  pageObjectClasses.ProductDetailsPage - Clicked on add To Cart button successfully
19:37:55.779 [main]INFO  stepDefinition.PlaceOrderStepDef - User clicks on Add To Cart Button
19:37:56.247 [main]INFO  pageObjectClasses.ProductDetailsPage - Clicked on continue shopping button successfully
19:37:56.247 [main]INFO  stepDefinition.PlaceOrderStepDef - User clicks on Continue Shopping Button
19:37:56.247 [main]INFO  stepDefinition.PlaceOrderStepDef - user clicks on cart link
19:37:57.680 [main]INFO  pageObjectClasses.ProductDetailsPage - Clicked on View Cart Link successfully
19:37:57.683 [main]INFO  stepDefinition.PlaceOrderStepDef - user verifies the application is in View Cart page
19:37:57.704 [main]INFO  pageObjectClasses.ViewCartPage - View Cart page is displayed
19:37:57.706 [main]INFO  stepDefinition.PlaceOrderStepDef - Verify if added item is in cart
19:37:57.769 [main]INFO  pageObjectClasses.ViewCartPage - Added item is present in cart
19:37:57.769 [main]INFO  stepDefinition.PlaceOrderStepDef - user clicks on Proceed To Checkout button
19:37:59.541 [main]INFO  pageObjectClasses.ViewCartPage - Clicked on proceed To Check Out link
19:38:01.137 [main]INFO  pageObjectClasses.CheckoutPage - Clicked on Place Order button
19:38:01.166 [main]INFO  pageObjectClasses.PaymentPage - Payment page is displayed
19:38:02.111 [main]INFO  pageObjectClasses.PaymentPage - Payment Details are entered
19:38:05.388 [main]INFO  pageObjectClasses.PaymentPage - Successfully clicked on Pay and Confirm Order
19:38:05.414 [main]INFO  pageObjectClasses.OrderConfirmationPage - Order confirmation page is displayed
09:42:18.725 [main]INFO  automationUtilities.BrowserFactory - Browser is chrome
09:42:27.827 [main]INFO  stepDefinition.OpenLogInPageStepDef - User trying to  navigate to application
09:42:32.003 [main]INFO  automationUtilities.BaseSteps - Navigated to application
09:42:32.093 [main]INFO  stepDefinition.OpenLogInPageStepDef - User  trying to click on log in link
09:42:33.564 [main]INFO  pageObjectClasses.HomePage - Clicked on SignUp Or Login Link
09:42:33.566 [main]INFO  stepDefinition.SignUpLogInPageStepDef - Verifying SignUp/Login Page is displayed
09:42:33.599 [main]INFO  pageObjectClasses.SignUpLoginPage - SignUp Or Login page is displayed
09:42:33.617 [main]INFO  stepDefinition.SignUpLogInPageStepDef - User is entering user Name and password
09:42:33.958 [main]INFO  pageObjectClasses.SignUpLoginPage - Entered User name as :testmiuser@gmail.com
09:42:34.583 [main]INFO  pageObjectClasses.SignUpLoginPage - Entered password is  :Testmiuser@01
09:42:34.585 [main]INFO  stepDefinition.SignUpLogInPageStepDef - user is clicking on Login button
09:42:36.833 [main]INFO  pageObjectClasses.SignUpLoginPage - Clicked on login button
09:42:36.835 [main]INFO  stepDefinition.UserHomePageStepDef - User is verifying application is navigated to user Home Page
09:42:36.858 [main]INFO  pageObjectClasses.UserHomePage - User Home page is displayed
09:43:00.537 [main]INFO  pageObjectClasses.HomePage - Use Clicked on Products  Link successfully
09:43:00.541 [main]INFO  stepDefinition.PlaceOrderStepDef - User clicks on Products Link
09:43:00.980 [main]INFO  pageObjectClasses.ProductsSearchPage - Entered search item is :Blue top
09:43:00.982 [main]INFO  stepDefinition.PlaceOrderStepDef - User enters the search item
09:43:02.505 [main]INFO  pageObjectClasses.ProductsSearchPage - User Clicked on Search button successfully
09:43:02.507 [main]INFO  stepDefinition.PlaceOrderStepDef - User clicks on search button
09:43:03.661 [main]INFO  pageObjectClasses.ProductsSearchPage - Clicked on view Product button successfully
09:43:03.661 [main]INFO  stepDefinition.PlaceOrderStepDef - User clicks on view product button from search result
09:43:03.764 [main]INFO  pageObjectClasses.ProductDetailsPage - Products Details page is displayed
09:43:03.764 [main]INFO  stepDefinition.PlaceOrderStepDef - Verify user is in Product Details Page
09:43:04.100 [main]INFO  pageObjectClasses.ProductDetailsPage - Clicked on add To Cart button successfully
09:43:04.100 [main]INFO  stepDefinition.PlaceOrderStepDef - User clicks on Add To Cart Button
09:43:04.513 [main]INFO  pageObjectClasses.ProductDetailsPage - Clicked on continue shopping button successfully
09:43:04.513 [main]INFO  stepDefinition.PlaceOrderStepDef - User clicks on Continue Shopping Button
09:43:04.517 [main]INFO  stepDefinition.PlaceOrderStepDef - user clicks on cart link
09:43:05.819 [main]INFO  pageObjectClasses.ProductDetailsPage - Clicked on View Cart Link successfully
09:43:05.828 [main]INFO  stepDefinition.PlaceOrderStepDef - user verifies the application is in View Cart page
09:43:05.845 [main]INFO  pageObjectClasses.ViewCartPage - View Cart page is displayed
09:43:05.845 [main]INFO  stepDefinition.PlaceOrderStepDef - Verify if added item is in cart
09:43:06.050 [main]INFO  pageObjectClasses.ViewCartPage - Added item is present in cart
09:43:06.050 [main]INFO  stepDefinition.PlaceOrderStepDef - user clicks on Proceed To Checkout button
09:43:07.393 [main]INFO  pageObjectClasses.ViewCartPage - Clicked on proceed To Check Out link
09:43:09.001 [main]INFO  pageObjectClasses.CheckoutPage - Clicked on Place Order button
09:43:09.033 [main]INFO  pageObjectClasses.PaymentPage - Payment page is displayed
09:43:10.074 [main]INFO  pageObjectClasses.PaymentPage - Payment Details are entered
09:43:10.274 [main]INFO  pageObjectClasses.PaymentPage - Successfully clicked on Pay and Confirm Order
09:43:12.939 [main]INFO  pageObjectClasses.OrderConfirmationPage - Order confirmation page is displayed
09:54:54.539 [main]INFO  automationUtilities.BrowserFactory - Browser is chrome
09:55:00.154 [main]INFO  stepDefinition.OpenLogInPageStepDef - User trying to  navigate to application
09:55:04.738 [main]INFO  automationUtilities.BaseSteps - Navigated to application
09:55:04.778 [main]INFO  stepDefinition.OpenLogInPageStepDef - User  trying to click on log in link
09:55:06.563 [main]INFO  pageObjectClasses.HomePage - Clicked on SignUp Or Login Link
09:55:06.563 [main]INFO  stepDefinition.SignUpLogInPageStepDef - Verifying SignUp/Login Page is displayed
09:55:06.599 [main]INFO  pageObjectClasses.SignUpLoginPage - SignUp Or Login page is displayed
09:55:06.608 [main]INFO  stepDefinition.SignUpLogInPageStepDef - User is entering user Name and password
09:55:06.938 [main]INFO  pageObjectClasses.SignUpLoginPage - Entered User name as :testmiuser@gmail.com
09:55:07.321 [main]INFO  pageObjectClasses.SignUpLoginPage - Entered password is  :Testmiuser@01
09:55:07.323 [main]INFO  stepDefinition.SignUpLogInPageStepDef - user is clicking on Login button
09:55:09.904 [main]INFO  pageObjectClasses.SignUpLoginPage - Clicked on login button
09:55:09.907 [main]INFO  stepDefinition.UserHomePageStepDef - User is verifying application is navigated to user Home Page
09:55:09.932 [main]INFO  pageObjectClasses.UserHomePage - User Home page is displayed
09:55:13.757 [main]INFO  pageObjectClasses.HomePage - Use Clicked on Products  Link successfully
09:55:13.760 [main]INFO  stepDefinition.PlaceOrderStepDef - User clicks on Products Link
09:55:14.063 [main]INFO  pageObjectClasses.ProductsSearchPage - Entered search item is :Blue top
09:55:14.063 [main]INFO  stepDefinition.PlaceOrderStepDef - User enters the search item
09:55:15.797 [main]INFO  pageObjectClasses.ProductsSearchPage - User Clicked on Search button successfully
09:55:15.797 [main]INFO  stepDefinition.PlaceOrderStepDef - User clicks on search button
09:55:17.326 [main]INFO  pageObjectClasses.ProductsSearchPage - Clicked on view Product button successfully
09:55:17.326 [main]INFO  stepDefinition.PlaceOrderStepDef - User clicks on view product button from search result
09:55:17.348 [main]INFO  pageObjectClasses.ProductDetailsPage - Products Details page is displayed
09:55:17.348 [main]INFO  stepDefinition.PlaceOrderStepDef - Verify user is in Product Details Page
09:55:17.612 [main]INFO  pageObjectClasses.ProductDetailsPage - Clicked on add To Cart button successfully
09:55:17.612 [main]INFO  stepDefinition.PlaceOrderStepDef - User clicks on Add To Cart Button
09:55:18.091 [main]INFO  pageObjectClasses.ProductDetailsPage - Clicked on continue shopping button successfully
09:55:18.091 [main]INFO  stepDefinition.PlaceOrderStepDef - User clicks on Continue Shopping Button
09:55:18.093 [main]INFO  stepDefinition.PlaceOrderStepDef - user clicks on cart link
09:55:19.571 [main]INFO  pageObjectClasses.ProductDetailsPage - Clicked on View Cart Link successfully
09:55:19.577 [main]INFO  stepDefinition.PlaceOrderStepDef - user verifies the application is in View Cart page
09:55:19.596 [main]INFO  pageObjectClasses.ViewCartPage - View Cart page is displayed
09:55:19.596 [main]INFO  stepDefinition.PlaceOrderStepDef - Verify if added item is in cart
09:55:19.661 [main]INFO  pageObjectClasses.ViewCartPage - Added item is present in cart
09:55:19.661 [main]INFO  stepDefinition.PlaceOrderStepDef - user clicks on Proceed To Checkout button
09:55:21.177 [main]INFO  pageObjectClasses.ViewCartPage - Clicked on proceed To Check Out link
09:55:22.585 [main]INFO  pageObjectClasses.CheckoutPage - Clicked on Place Order button
09:55:22.609 [main]INFO  pageObjectClasses.PaymentPage - Payment page is displayed
09:55:23.620 [main]INFO  pageObjectClasses.PaymentPage - Payment Details are entered
09:55:26.423 [main]INFO  pageObjectClasses.PaymentPage - Successfully clicked on Pay and Confirm Order
09:55:26.448 [main]INFO  pageObjectClasses.OrderConfirmationPage - Order confirmation page is displayed
